station,hour,scan,n_tgt,n_plots
altona,8,0,18,90
altona,8,1,20,88
altona,8,2,16,75
altona,8,3,19,78
altona,8,4,20,80
altona,8,5,17,62
altona,8,6,13,66
altona,8,7,19,86
altona,8,8,17,81
altona,8,9,17,69
altona,8,10,18,64
altona,8,11,20,83
altona,8,12,20,79
altona,8,13,17,77
altona,8,14,16,68
altona,8,15,15,60
altona,8,16,17,75
altona,8,17,18,87
altona,8,18,19,74
altona,8,19,16,75
altona,8,20,20,74
altona,8,21,16,81
altona,8,22,17,64
altona,8,23,15,68
altona,8,24,18,58
altona,8,25,15,69
altona,8,26,17,66
altona,8,27,15,75
altona,8,28,15,67
altona,8,29,17,76
altona,8,30,17,74
altona,8,31,18,69
altona,8,32,20,81
altona,8,33,21,80
altona,8,34,17,63
altona,8,35,19,76
altona,8,36,18,76
altona,8,37,20,74
altona,8,38,19,90
altona,8,39,18,77
altona,8,40,17,77
altona,8,41,19,67
altona,8,42,19,82
altona,8,43,18,83
altona,8,44,17,66
altona,8,45,20,60
altona,8,46,17,71
altona,8,47,18,66
altona,8,48,15,70
altona,8,49,17,70
altona,8,50,18,68
altona,8,51,20,83
altona,8,52,17,79
altona,8,53,19,81
altona,8,54,17,66
altona,8,55,24,107
altona,8,56,20,91
altona,8,57,18,71
altona,8,58,16,71
altona,8,59,14,74
altona,8,60,13,56
altona,8,61,15,66
altona,8,62,17,64
altona,8,63,15,49
altona,8,64,18,63
altona,8,65,16,61
altona,8,66,18,60
altona,8,67,18,67
altona,8,68,13,62
altona,8,69,16,54
altona,8,70,18,64
altona,8,71,19,54
altona,8,72,14,48
altona,8,73,17,69
altona,8,74,15,75
altona,8,75,17,57
altona,8,76,15,61
altona,8,77,19,67
altona,8,78,19,71
altona,8,79,17,63
altona,8,80,17,76
altona,8,81,16,70
altona,8,82,20,87
altona,8,83,18,78
altona,8,84,20,74
altona,8,85,18,74
altona,8,86,19,80
altona,8,87,21,78
altona,8,88,22,73
altona,8,89,18,67
altona,8,90,20,73
altona,8,91,20,76
altona,8,92,19,65
altona,8,93,16,70
altona,8,94,17,67
altona,8,95,19,76
altona,8,96,19,57
altona,8,97,15,49
altona,8,98,14,65
altona,8,99,17,80
altona,8,100,22,78
altona,9,0,29,111
altona,9,1,24,104
altona,9,2,23,69
altona,9,3,23,86
altona,9,4,24,97
altona,9,5,29,110
altona,9,6,25,101
altona,9,7,23,80
altona,9,8,27,89
altona,9,9,29,90
altona,9,10,25,88
altona,9,11,25,87
altona,9,12,25,103
altona,9,13,28,110
altona,9,14,25,107
altona,9,15,26,93
altona,9,16,22,88
altona,9,17,26,105
altona,9,18,25,101
altona,9,19,25,83
altona,9,20,24,99
altona,9,21,25,99
altona,9,22,26,95
altona,9,23,22,71
altona,9,24,23,102
altona,9,25,27,122
altona,9,26,31,112
altona,9,27,24,85
altona,9,28,21,88
altona,9,29,23,100
altona,9,30,25,105
altona,9,31,24,105
altona,9,32,24,109
altona,9,33,23,113
altona,9,34,27,116
altona,9,35,26,107
altona,9,36,27,92
altona,9,37,24,96
altona,9,38,28,122
altona,9,39,20,100
altona,9,40,23,107
altona,9,41,23,105
altona,9,42,26,106
altona,9,43,25,100
altona,9,44,24,87
altona,9,45,24,98
altona,9,46,25,98
altona,9,47,26,112
altona,9,48,22,91
altona,9,49,21,88
altona,9,50,27,115
altona,9,51,25,99
altona,9,52,24,108
altona,9,53,21,105
altona,9,54,18,70
altona,9,55,24,92
altona,9,56,25,105
altona,9,57,24,112
altona,9,58,16,77
altona,9,59,26,122
altona,9,60,27,109
altona,9,61,25,100
altona,9,62,18,72
altona,9,63,23,94
altona,9,64,25,118
altona,9,65,21,111
altona,9,66,18,87
altona,9,67,27,113
altona,9,68,30,123
altona,9,69,29,114
altona,9,70,21,93
altona,9,71,21,81
altona,9,72,24,101
altona,9,73,23,94
altona,9,74,23,102
altona,9,75,22,89
altona,9,76,28,100
altona,9,77,22,104
altona,9,78,21,96
altona,9,79,14,56
altona,9,80,25,117
altona,9,81,26,115
altona,9,82,26,107
altona,9,83,19,89
altona,9,84,23,103
altona,9,85,21,102
altona,9,86,19,82
altona,9,87,19,76
altona,9,88,23,89
altona,9,89,23,113
altona,9,90,17,93
altona,9,91,16,91
altona,9,92,19,103
altona,9,93,27,114
altona,9,94,25,101
altona,9,95,24,97
altona,9,96,19,75
altona,9,97,26,106
altona,9,98,24,100
altona,9,99,22,95
altona,9,100,19,79
altona,9,101,21,94
altona,11,0,18,82
altona,11,1,18,90
altona,11,2,20,82
altona,11,3,14,58
altona,11,4,17,77
altona,11,5,18,83
altona,11,6,21,77
altona,11,7,16,67
altona,11,8,19,71
altona,11,9,17,74
altona,11,10,14,75
altona,11,11,19,83
altona,11,12,18,73
altona,11,13,22,98
altona,11,14,21,91
altona,11,15,23,97
altona,11,16,17,67
altona,11,17,21,82
altona,11,18,19,73
altona,11,19,18,74
altona,11,20,16,68
altona,11,21,19,74
altona,11,22,17,80
altona,11,23,18,61
altona,11,24,15,70
altona,11,25,19,75
altona,11,26,22,103
altona,11,27,23,81
altona,11,28,18,74
altona,11,29,18,84
altona,11,30,17,76
altona,11,31,19,93
altona,11,32,17,73
altona,11,33,21,97
altona,11,34,20,83
altona,11,35,18,75
altona,11,36,20,87
altona,11,37,18,83
altona,11,38,22,85
altona,11,39,22,84
altona,11,40,23,84
altona,11,41,18,76
altona,11,42,22,77
altona,11,43,21,76
altona,11,44,22,79
altona,11,45,17,70
altona,11,46,20,76
altona,11,47,18,76
altona,11,48,19,73
altona,11,49,16,68
altona,11,50,17,76
altona,11,51,22,100
altona,11,52,23,113
altona,11,53,18,98
altona,11,54,16,57
altona,11,55,18,92
altona,11,56,22,105
altona,11,57,21,117
altona,11,58,20,89
altona,11,59,19,93
altona,11,60,20,89
altona,11,61,20,89
altona,11,62,18,80
altona,11,63,19,83
altona,11,64,20,94
altona,11,65,20,104
altona,11,66,25,106
altona,11,67,20,85
altona,11,68,20,90
altona,11,69,18,79
altona,11,70,19,80
altona,11,71,19,89
altona,11,72,20,99
altona,11,73,21,90
altona,11,74,17,76
altona,11,75,20,83
altona,11,76,20,90
altona,11,77,21,84
altona,11,78,15,66
altona,11,79,17,68
altona,11,80,16,77
altona,11,81,17,69
altona,11,82,16,79
altona,11,83,16,67
altona,11,84,15,73
altona,11,85,21,95
altona,11,86,17,83
altona,11,87,16,82
altona,11,88,17,74
altona,11,89,18,87
altona,11,90,14,80
altona,11,91,15,68
altona,11,92,17,82
altona,11,93,20,94
altona,11,94,18,82
altona,11,95,18,79
altona,11,96,17,97
altona,11,97,17,95
altona,11,98,15,74
altona,11,99,16,71
amerikahoeft,8,0,15,115
amerikahoeft,8,1,13,103
amerikahoeft,8,2,13,112
amerikahoeft,8,3,14,107
amerikahoeft,8,4,18,158
amerikahoeft,8,5,15,127
amerikahoeft,8,6,13,101
amerikahoeft,8,7,18,129
amerikahoeft,8,8,17,119
amerikahoeft,8,9,16,159
amerikahoeft,8,10,20,189
amerikahoeft,8,11,19,146
amerikahoeft,8,12,15,158
amerikahoeft,8,13,16,148
amerikahoeft,8,14,21,139
amerikahoeft,8,15,17,115
amerikahoeft,8,16,14,105
amerikahoeft,8,17,18,109
amerikahoeft,8,18,15,103
amerikahoeft,8,19,11,91
amerikahoeft,8,20,12,100
amerikahoeft,8,21,16,105
amerikahoeft,8,22,15,86
amerikahoeft,8,23,12,95
amerikahoeft,8,24,12,84
amerikahoeft,8,25,13,88
amerikahoeft,8,26,13,103
amerikahoeft,8,27,11,80
amerikahoeft,8,28,19,132
amerikahoeft,8,29,17,151
amerikahoeft,8,30,13,134
amerikahoeft,8,31,20,140
amerikahoeft,8,32,17,121
amerikahoeft,8,33,13,105
amerikahoeft,8,34,11,79
amerikahoeft,8,35,18,113
amerikahoeft,8,36,17,121
amerikahoeft,8,37,13,109
amerikahoeft,8,38,17,109
amerikahoeft,8,39,14,124
amerikahoeft,8,40,14,102
amerikahoeft,8,41,16,104
amerikahoeft,8,42,11,105
amerikahoeft,8,43,13,115
amerikahoeft,8,44,14,95
amerikahoeft,8,45,14,95
amerikahoeft,8,46,12,99
amerikahoeft,8,47,13,109
amerikahoeft,8,48,15,148
amerikahoeft,8,49,11,118
amerikahoeft,8,50,15,127
amerikahoeft,8,51,13,98
amerikahoeft,8,52,10,82
amerikahoeft,8,53,11,65
amerikahoeft,8,54,12,129
amerikahoeft,8,55,15,141
amerikahoeft,8,56,11,70
amerikahoeft,8,57,12,56
amerikahoeft,8,58,16,106
amerikahoeft,8,59,12,104
amerikahoeft,8,60,13,116
amerikahoeft,8,61,15,154
amerikahoeft,8,62,14,95
amerikahoeft,8,63,12,82
amerikahoeft,8,64,13,94
amerikahoeft,8,65,16,106
amerikahoeft,8,66,11,89
amerikahoeft,8,67,10,81
amerikahoeft,8,68,14,126
amerikahoeft,8,69,14,127
amerikahoeft,8,70,12,92
amerikahoeft,8,71,11,73
amerikahoeft,8,72,13,107
amerikahoeft,8,73,12,97
amerikahoeft,8,74,12,80
amerikahoeft,8,75,14,125
amerikahoeft,8,76,15,128
amerikahoeft,8,77,14,114
amerikahoeft,8,78,16,126
amerikahoeft,8,79,17,140
amerikahoeft,8,80,13,98
amerikahoeft,8,81,12,82
amerikahoeft,8,82,13,114
amerikahoeft,8,83,13,130
amerikahoeft,9,0,12,77
amerikahoeft,9,1,14,103
amerikahoeft,9,2,13,109
amerikahoeft,9,3,14,97
amerikahoeft,9,4,17,114
amerikahoeft,9,5,15,134
amerikahoeft,9,6,15,131
amerikahoeft,9,7,14,100
amerikahoeft,9,8,15,103
amerikahoeft,9,9,12,102
amerikahoeft,9,10,11,78
amerikahoeft,9,11,14,117
amerikahoeft,9,12,15,130
amerikahoeft,9,13,15,125
amerikahoeft,9,14,16,154
amerikahoeft,9,15,16,159
amerikahoeft,9,16,10,84
amerikahoeft,9,17,14,84
amerikahoeft,9,18,19,156
amerikahoeft,9,19,10,125
amerikahoeft,9,20,8,115
amerikahoeft,9,21,13,116
amerikahoeft,9,22,16,126
amerikahoeft,9,23,12,140
amerikahoeft,9,24,15,122
amerikahoeft,9,25,16,139
amerikahoeft,9,26,12,124
amerikahoeft,9,27,17,138
amerikahoeft,9,28,16,121
amerikahoeft,9,29,12,117
amerikahoeft,9,30,13,152
amerikahoeft,9,31,16,124
amerikahoeft,9,32,12,113
amerikahoeft,9,33,10,106
amerikahoeft,9,34,12,95
amerikahoeft,9,35,12,100
amerikahoeft,9,36,13,126
amerikahoeft,9,37,11,124
amerikahoeft,9,38,16,134
amerikahoeft,9,39,15,113
amerikahoeft,9,40,7,97
amerikahoeft,9,41,10,107
amerikahoeft,9,42,15,131
amerikahoeft,9,43,14,102
amerikahoeft,9,44,15,109
amerikahoeft,9,45,16,100
amerikahoeft,9,46,14,103
amerikahoeft,9,47,9,110
amerikahoeft,9,48,12,105
amerikahoeft,9,49,13,118
amerikahoeft,9,50,14,129
amerikahoeft,9,51,12,104
amerikahoeft,9,52,16,152
amerikahoeft,9,53,18,169
amerikahoeft,9,54,11,116
amerikahoeft,9,55,11,111
amerikahoeft,9,56,12,142
amerikahoeft,9,57,14,148
amerikahoeft,9,58,15,136
amerikahoeft,9,59,15,125
amerikahoeft,9,60,15,139
amerikahoeft,9,61,12,128
amerikahoeft,9,62,15,126
amerikahoeft,9,63,14,131
amerikahoeft,9,64,12,133
amerikahoeft,9,65,19,150
amerikahoeft,9,66,18,140
amerikahoeft,9,67,13,109
amerikahoeft,9,68,10,110
amerikahoeft,9,69,16,134
amerikahoeft,9,70,19,155
amerikahoeft,9,71,14,124
amerikahoeft,9,72,13,122
amerikahoeft,9,73,15,104
amerikahoeft,9,74,14,112
amerikahoeft,9,75,10,93
amerikahoeft,9,76,11,128
amerikahoeft,9,77,11,139
amerikahoeft,9,78,8,88
amerikahoeft,9,79,8,84
amerikahoeft,9,80,11,113
amerikahoeft,9,81,9,92
amerikahoeft,9,82,6,64
amerikahoeft,9,83,13,114
amerikahoeft,11,0,20,129
amerikahoeft,11,1,18,160
amerikahoeft,11,2,19,156
amerikahoeft,11,3,18,106
amerikahoeft,11,4,18,154
amerikahoeft,11,5,14,134
amerikahoeft,11,6,19,153
amerikahoeft,11,7,21,166
amerikahoeft,11,8,19,140
amerikahoeft,11,9,22,156
amerikahoeft,11,10,24,171
amerikahoeft,11,11,16,135
amerikahoeft,11,12,17,146
amerikahoeft,11,13,22,153
amerikahoeft,11,14,21,176
amerikahoeft,11,15,18,151
amerikahoeft,11,16,18,130
amerikahoeft,11,17,19,123
amerikahoeft,11,18,20,172
amerikahoeft,11,19,18,168
amerikahoeft,11,20,17,134
amerikahoeft,11,21,13,119
amerikahoeft,11,22,16,131
amerikahoeft,11,23,23,188
amerikahoeft,11,24,18,152
amerikahoeft,11,25,13,126
amerikahoeft,11,26,16,162
amerikahoeft,11,27,20,149
amerikahoeft,11,28,17,115
amerikahoeft,11,29,16,128
amerikahoeft,11,30,18,120
amerikahoeft,11,31,17,132
amerikahoeft,11,32,15,132
amerikahoeft,11,33,17,150
amerikahoeft,11,34,22,174
amerikahoeft,11,35,19,180
amerikahoeft,11,36,17,123
amerikahoeft,11,37,17,128
amerikahoeft,11,38,16,143
amerikahoeft,11,39,18,167
amerikahoeft,11,40,16,148
amerikahoeft,11,41,14,100
amerikahoeft,11,42,14,113
amerikahoeft,11,43,16,116
amerikahoeft,11,44,16,123
amerikahoeft,11,45,17,134
amerikahoeft,11,46,17,139
amerikahoeft,11,47,16,102
amerikahoeft,11,48,16,91
amerikahoeft,11,49,11,78
amerikahoeft,11,50,18,110
amerikahoeft,11,51,22,146
amerikahoeft,11,52,17,130
amerikahoeft,11,53,20,115
amerikahoeft,11,54,20,112
amerikahoeft,11,55,12,106
amerikahoeft,11,56,14,146
amerikahoeft,11,57,20,126
amerikahoeft,11,58,17,132
amerikahoeft,11,59,12,139
amerikahoeft,11,60,18,134
amerikahoeft,11,61,12,83
amerikahoeft,11,62,9,113
amerikahoeft,11,63,16,147
amerikahoeft,11,64,19,152
amerikahoeft,11,65,14,128
amerikahoeft,11,66,10,78
amerikahoeft,11,67,9,66
amerikahoeft,11,68,9,59
amerikahoeft,11,69,13,77
amerikahoeft,11,70,21,127
amerikahoeft,11,71,19,132
amerikahoeft,11,72,12,95
amerikahoeft,11,73,13,99
amerikahoeft,11,74,12,68
amerikahoeft,11,75,10,83
amerikahoeft,11,76,11,120
amerikahoeft,11,77,17,121
amerikahoeft,11,78,16,78
amerikahoeft,11,79,13,80
amerikahoeft,11,80,18,106
amerikahoeft,11,81,16,74
amerikahoeft,11,82,18,95
amerikahoeft,11,83,15,108
ellerholzhoeft,8,0,17,168
ellerholzhoeft,8,1,14,149
ellerholzhoeft,8,2,13,106
ellerholzhoeft,8,3,14,128
ellerholzhoeft,8,4,12,134
ellerholzhoeft,8,5,12,115
ellerholzhoeft,8,6,12,106
ellerholzhoeft,8,7,13,114
ellerholzhoeft,8,8,13,103
ellerholzhoeft,8,9,11,107
ellerholzhoeft,8,10,9,107
ellerholzhoeft,8,11,10,118
ellerholzhoeft,8,12,10,96
ellerholzhoeft,8,13,8,79
ellerholzhoeft,8,14,8,71
ellerholzhoeft,8,15,13,132
ellerholzhoeft,8,16,14,138
ellerholzhoeft,8,17,11,85
ellerholzhoeft,8,18,12,113
ellerholzhoeft,8,19,11,94
ellerholzhoeft,8,20,9,67
ellerholzhoeft,8,21,12,108
ellerholzhoeft,8,22,13,84
ellerholzhoeft,8,23,14,112
ellerholzhoeft,8,24,11,97
ellerholzhoeft,8,25,11,85
ellerholzhoeft,8,26,13,132
ellerholzhoeft,8,27,11,97
ellerholzhoeft,8,28,12,126
ellerholzhoeft,8,29,12,109
ellerholzhoeft,8,30,8,75
ellerholzhoeft,8,31,9,77
ellerholzhoeft,8,32,7,48
ellerholzhoeft,8,33,11,107
ellerholzhoeft,8,34,11,101
ellerholzhoeft,8,35,9,91
ellerholzhoeft,8,36,11,103
ellerholzhoeft,8,37,10,86
ellerholzhoeft,8,38,10,76
ellerholzhoeft,8,39,12,120
ellerholzhoeft,8,40,8,40
ellerholzhoeft,8,41,9,58
ellerholzhoeft,8,42,13,126
ellerholzhoeft,8,43,10,83
ellerholzhoeft,8,44,8,50
ellerholzhoeft,8,45,9,104
ellerholzhoeft,8,46,6,77
ellerholzhoeft,8,47,8,80
ellerholzhoeft,8,48,13,137
ellerholzhoeft,8,49,9,103
ellerholzhoeft,8,50,11,69
ellerholzhoeft,8,51,13,130
ellerholzhoeft,8,52,8,85
ellerholzhoeft,8,53,11,80
ellerholzhoeft,8,54,10,91
ellerholzhoeft,8,55,6,84
ellerholzhoeft,8,56,9,57
ellerholzhoeft,8,57,11,107
ellerholzhoeft,8,58,9,73
ellerholzhoeft,8,59,13,77
ellerholzhoeft,8,60,16,129
ellerholzhoeft,8,61,10,106
ellerholzhoeft,8,62,12,68
ellerholzhoeft,8,63,13,97
ellerholzhoeft,8,64,11,121
ellerholzhoeft,8,65,9,48
ellerholzhoeft,8,66,12,107
ellerholzhoeft,8,67,8,79
ellerholzhoeft,8,68,9,82
ellerholzhoeft,8,69,8,93
ellerholzhoeft,8,70,9,95
ellerholzhoeft,8,71,11,69
ellerholzhoeft,8,72,13,119
ellerholzhoeft,8,73,11,104
ellerholzhoeft,9,0,12,119
ellerholzhoeft,9,1,13,112
ellerholzhoeft,9,2,13,92
ellerholzhoeft,9,3,11,107
ellerholzhoeft,9,4,6,67
ellerholzhoeft,9,5,9,73
ellerholzhoeft,9,6,10,67
ellerholzhoeft,9,7,6,74
ellerholzhoeft,9,8,9,75
ellerholzhoeft,9,9,11,89
ellerholzhoeft,9,10,6,72
ellerholzhoeft,9,11,10,62
ellerholzhoeft,9,12,13,94
ellerholzhoeft,9,13,9,89
ellerholzhoeft,9,14,4,11
ellerholzhoeft,9,15,11,91
ellerholzhoeft,9,16,12,104
ellerholzhoeft,9,17,11,83
ellerholzhoeft,9,18,13,115
ellerholzhoeft,9,19,7,74
ellerholzhoeft,9,20,7,46
ellerholzhoeft,9,21,11,96
ellerholzhoeft,9,22,7,74
ellerholzhoeft,9,23,10,101
ellerholzhoeft,9,24,11,92
ellerholzhoeft,9,25,9,99
ellerholzhoeft,9,26,7,72
ellerholzhoeft,9,27,11,85
ellerholzhoeft,9,28,13,108
ellerholzhoeft,9,29,11,113
ellerholzhoeft,9,30,13,100
ellerholzhoeft,9,31,11,95
ellerholzhoeft,9,32,8,57
ellerholzhoeft,9,33,12,93
ellerholzhoeft,9,34,11,100
ellerholzhoeft,9,35,9,94
ellerholzhoeft,9,36,12,103
ellerholzhoeft,9,37,13,121
ellerholzhoeft,9,38,12,106
ellerholzhoeft,9,39,15,144
ellerholzhoeft,9,40,12,110
ellerholzhoeft,9,41,9,90
ellerholzhoeft,9,42,12,108
ellerholzhoeft,9,43,13,93
ellerholzhoeft,9,44,12,99
ellerholzhoeft,9,45,13,106
ellerholzhoeft,9,46,12,116
ellerholzhoeft,9,47,11,116
ellerholzhoeft,9,48,14,136
ellerholzhoeft,9,49,13,116
ellerholzhoeft,9,50,12,94
ellerholzhoeft,9,51,13,84
ellerholzhoeft,9,52,13,131
ellerholzhoeft,9,53,10,104
ellerholzhoeft,9,54,15,114
ellerholzhoeft,9,55,15,123
ellerholzhoeft,9,56,11,85
ellerholzhoeft,9,57,14,125
ellerholzhoeft,9,58,9,122
ellerholzhoeft,9,59,8,83
ellerholzhoeft,9,60,11,99
ellerholzhoeft,9,61,11,117
ellerholzhoeft,9,62,11,84
ellerholzhoeft,9,63,12,95
ellerholzhoeft,9,64,12,111
ellerholzhoeft,9,65,11,101
ellerholzhoeft,9,66,14,123
ellerholzhoeft,9,67,14,114
ellerholzhoeft,9,68,9,85
ellerholzhoeft,9,69,12,105
ellerholzhoeft,9,70,12,111
ellerholzhoeft,9,71,9,110
ellerholzhoeft,9,72,11,114
ellerholzhoeft,9,73,13,128
ellerholzhoeft,11,0,13,124
ellerholzhoeft,11,1,11,116
ellerholzhoeft,11,2,14,104
ellerholzhoeft,11,3,15,109
ellerholzhoeft,11,4,8,83
ellerholzhoeft,11,5,6,48
ellerholzhoeft,11,6,10,79
ellerholzhoeft,11,7,8,95
ellerholzhoeft,11,8,8,74
ellerholzhoeft,11,9,14,76
ellerholzhoeft,11,10,10,97
ellerholzhoeft,11,11,11,80
ellerholzhoeft,11,12,15,89
ellerholzhoeft,11,13,11,81
ellerholzhoeft,11,14,9,55
ellerholzhoeft,11,15,13,103
ellerholzhoeft,11,16,14,112
ellerholzhoeft,11,17,8,66
ellerholzhoeft,11,18,11,82
ellerholzhoeft,11,19,15,118
ellerholzhoeft,11,20,11,85
ellerholzhoeft,11,21,13,103
ellerholzhoeft,11,22,11,107
ellerholzhoeft,11,23,10,78
ellerholzhoeft,11,24,13,88
ellerholzhoeft,11,25,10,102
ellerholzhoeft,11,26,8,57
ellerholzhoeft,11,27,14,87
ellerholzhoeft,11,28,13,116
ellerholzhoeft,11,29,8,78
ellerholzhoeft,11,30,12,86
ellerholzhoeft,11,31,12,111
ellerholzhoeft,11,32,10,75
ellerholzhoeft,11,33,11,69
ellerholzhoeft,11,34,12,93
ellerholzhoeft,11,35,13,96
ellerholzhoeft,11,36,13,108
ellerholzhoeft,11,37,16,130
ellerholzhoeft,11,38,14,103
ellerholzhoeft,11,39,13,115
ellerholzhoeft,11,40,17,125
ellerholzhoeft,11,41,15,110
ellerholzhoeft,11,42,11,113
ellerholzhoeft,11,43,15,127
ellerholzhoeft,11,44,12,102
ellerholzhoeft,11,45,13,86
ellerholzhoeft,11,46,17,132
ellerholzhoeft,11,47,15,111
ellerholzhoeft,11,48,12,91
ellerholzhoeft,11,49,13,96
ellerholzhoeft,11,50,16,128
ellerholzhoeft,11,51,11,81
ellerholzhoeft,11,52,15,133
ellerholzhoeft,11,53,16,128
ellerholzhoeft,11,54,14,67
ellerholzhoeft,11,55,11,97
ellerholzhoeft,11,56,13,123
ellerholzhoeft,11,57,14,109
ellerholzhoeft,11,58,16,133
ellerholzhoeft,11,59,9,85
ellerholzhoeft,11,60,6,56
ellerholzhoeft,11,61,12,123
ellerholzhoeft,11,62,14,121
ellerholzhoeft,11,63,16,109
ellerholzhoeft,11,64,14,106
ellerholzhoeft,11,65,13,109
ellerholzhoeft,11,66,11,110
ellerholzhoeft,11,67,10,78
ellerholzhoeft,11,68,14,118
ellerholzhoeft,11,69,13,130
ellerholzhoeft,11,70,10,76
ellerholzhoeft,11,71,15,107
ellerholzhoeft,11,72,13,100
ellerholzhoeft,11,73,14,96
hohe_schaar,8,0,1,7
hohe_schaar,8,1,1,7
hohe_schaar,8,2,1,7
hohe_schaar,8,3,1,7
hohe_schaar,8,4,1,7
hohe_schaar,8,5,2,8
hohe_schaar,8,6,2,10
hohe_schaar,8,7,1,4
hohe_schaar,8,8,2,9
hohe_schaar,8,9,2,7
hohe_schaar,8,10,1,7
hohe_schaar,8,11,1,8
hohe_schaar,8,12,1,8
hohe_schaar,8,13,1,7
hohe_schaar,8,14,1,8
hohe_schaar,8,15,1,7
hohe_schaar,8,16,1,7
hohe_schaar,8,17,1,7
hohe_schaar,8,18,1,8
hohe_schaar,8,19,1,7
hohe_schaar,8,20,1,14
hohe_schaar,8,21,2,24
hohe_schaar,8,22,2,24
hohe_schaar,8,23,1,11
hohe_schaar,8,24,2,24
hohe_schaar,8,25,2,24
hohe_schaar,8,26,2,25
hohe_schaar,8,27,2,24
hohe_schaar,8,28,1,11
hohe_schaar,8,29,2,23
hohe_schaar,8,30,1,11
hohe_schaar,8,31,1,10
hohe_schaar,8,32,1,11
hohe_schaar,8,33,2,19
hohe_schaar,8,34,2,19
hohe_schaar,8,35,1,9
hohe_schaar,8,36,2,17
hohe_schaar,8,37,1,7
hohe_schaar,8,38,1,11
hohe_schaar,8,39,1,11
hohe_schaar,8,40,1,10
hohe_schaar,8,41,2,15
hohe_schaar,8,42,1,6
hohe_schaar,8,43,1,7
hohe_schaar,8,44,1,8
hohe_schaar,8,45,1,11
hohe_schaar,8,46,3,21
hohe_schaar,8,47,2,14
hohe_schaar,8,48,2,12
hohe_schaar,8,49,2,12
hohe_schaar,9,0,1,13
hohe_schaar,9,1,1,15
hohe_schaar,9,2,1,5
hohe_schaar,9,3,2,21
hohe_schaar,9,4,1,16
hohe_schaar,9,5,1,12
hohe_schaar,9,6,1,12
hohe_schaar,9,7,1,12
hohe_schaar,9,8,1,14
hohe_schaar,9,9,1,12
hohe_schaar,9,10,1,13
hohe_schaar,9,11,1,12
hohe_schaar,9,12,1,13
hohe_schaar,9,13,1,11
hohe_schaar,9,14,1,13
hohe_schaar,9,15,2,17
hohe_schaar,9,16,2,15
hohe_schaar,9,17,1,8
hohe_schaar,9,18,1,11
hohe_schaar,9,19,1,11
hohe_schaar,9,20,1,10
hohe_schaar,9,21,1,9
hohe_schaar,9,22,1,8
hohe_schaar,9,23,2,13
hohe_schaar,9,24,2,12
hohe_schaar,9,25,1,6
hohe_schaar,9,26,1,6
hohe_schaar,9,27,1,3
hohe_schaar,9,28,1,2
hohe_schaar,9,29,1,3
hohe_schaar,9,30,1,3
hohe_schaar,9,31,1,3
hohe_schaar,9,32,1,3
hohe_schaar,9,33,1,4
hohe_schaar,9,34,1,4
hohe_schaar,9,35,1,5
hohe_schaar,9,36,1,5
hohe_schaar,9,37,2,13
hohe_schaar,9,38,2,12
hohe_schaar,9,39,1,3
hohe_schaar,9,40,1,6
hohe_schaar,11,0,1,7
hohe_schaar,11,1,1,8
hohe_schaar,11,2,1,2
hohe_schaar,11,3,1,2
hohe_schaar,11,4,1,2
hohe_schaar,11,5,1,2
hohe_schaar,11,6,1,2
hohe_schaar,11,7,1,2
hohe_schaar,11,8,1,7
hohe_schaar,11,9,2,7
hohe_schaar,11,10,1,2
hohe_schaar,11,11,2,8
hohe_schaar,11,12,2,8
hohe_schaar,11,13,1,8
hohe_schaar,11,14,1,8
hohe_schaar,11,15,2,23
hohe_schaar,11,16,3,28
hohe_schaar,11,17,3,8
hohe_schaar,11,18,3,17
hohe_schaar,11,19,1,14
hohe_schaar,11,20,2,2
hohe_schaar,11,21,2,2
hohe_schaar,11,22,2,17
hohe_schaar,11,23,3,19
hohe_schaar,11,24,1,2
hohe_schaar,11,25,2,19
hohe_schaar,11,26,2,16
hohe_schaar,11,27,2,2
hohe_schaar,11,28,3,21
hohe_schaar,11,29,2,18
hohe_schaar,11,30,1,2
hohe_schaar,11,31,1,14
hohe_schaar,11,32,1,13
hohe_schaar,11,33,2,2
hohe_schaar,11,34,3,20
hohe_schaar,11,35,1,18
hohe_schaar,11,36,1,2
hohe_schaar,11,37,1,3
hohe_schaar,11,38,2,2
hohe_schaar,11,39,2,2
hohe_schaar,11,40,1,15
hohe_schaar,11,41,2,19
hohe_schaar,11,42,1,2
hohe_schaar,11,43,1,16
hohe_schaar,11,44,2,16
hohe_schaar,11,45,1,2
hohe_schaar,11,46,1,2
hohe_schaar,11,47,2,2
hohe_schaar,11,48,2,19
hohe_schaar,11,49,2,21
kattwyk,8,0,7,64
kattwyk,8,1,8,70
kattwyk,8,2,8,71
kattwyk,8,3,9,70
kattwyk,8,4,7,46
kattwyk,8,5,8,64
kattwyk,8,6,6,48
kattwyk,8,7,7,33
kattwyk,8,8,9,70
kattwyk,8,9,9,77
kattwyk,8,10,7,48
kattwyk,8,11,9,53
kattwyk,8,12,10,73
kattwyk,8,13,7,47
kattwyk,8,14,6,22
kattwyk,8,15,9,64
kattwyk,8,16,10,80
kattwyk,8,17,7,40
kattwyk,8,18,8,48
kattwyk,8,19,10,78
kattwyk,8,20,8,71
kattwyk,8,21,9,64
kattwyk,8,22,8,40
kattwyk,8,23,6,41
kattwyk,8,24,6,43
kattwyk,8,25,7,44
kattwyk,8,26,8,62
kattwyk,8,27,6,52
kattwyk,8,28,4,17
kattwyk,8,29,7,61
kattwyk,8,30,8,69
kattwyk,8,31,7,50
kattwyk,8,32,7,38
kattwyk,8,33,11,85
kattwyk,8,34,9,83
kattwyk,8,35,6,51
kattwyk,8,36,10,83
kattwyk,8,37,9,72
kattwyk,8,38,5,31
kattwyk,8,39,5,29
kattwyk,8,40,9,82
kattwyk,8,41,10,82
kattwyk,8,42,8,53
kattwyk,8,43,8,77
kattwyk,8,44,11,55
kattwyk,8,45,9,68
kattwyk,8,46,8,76
kattwyk,8,47,10,62
kattwyk,8,48,9,47
kattwyk,8,49,7,54
kattwyk,8,50,10,100
kattwyk,8,51,7,67
kattwyk,8,52,6,49
kattwyk,8,53,9,95
kattwyk,8,54,14,76
kattwyk,8,55,9,64
kattwyk,8,56,8,91
kattwyk,8,57,10,95
kattwyk,8,58,8,58
kattwyk,8,59,6,49
kattwyk,8,60,8,54
kattwyk,8,61,9,63
kattwyk,8,62,6,37
kattwyk,8,63,6,32
kattwyk,8,64,10,83
kattwyk,8,65,9,67
kattwyk,8,66,8,65
kattwyk,8,67,8,72
kattwyk,8,68,10,71
kattwyk,8,69,9,46
kattwyk,8,70,7,42
kattwyk,8,71,10,72
kattwyk,8,72,9,64
kattwyk,8,73,8,52
kattwyk,8,74,10,82
kattwyk,8,75,11,71
kattwyk,8,76,8,51
kattwyk,8,77,8,90
kattwyk,8,78,9,86
kattwyk,8,79,10,70
kattwyk,8,80,6,39
kattwyk,8,81,8,76
kattwyk,8,82,11,79
kattwyk,8,83,6,35
kattwyk,8,84,5,18
kattwyk,9,0,11,61
kattwyk,9,1,11,64
kattwyk,9,2,11,67
kattwyk,9,3,11,72
kattwyk,9,4,9,50
kattwyk,9,5,7,35
kattwyk,9,6,11,74
kattwyk,9,7,13,78
kattwyk,9,8,10,50
kattwyk,9,9,9,73
kattwyk,9,10,10,69
kattwyk,9,11,8,45
kattwyk,9,12,8,68
kattwyk,9,13,10,76
kattwyk,9,14,11,72
kattwyk,9,15,12,105
kattwyk,9,16,12,81
kattwyk,9,17,9,64
kattwyk,9,18,12,89
kattwyk,9,19,11,89
kattwyk,9,20,9,40
kattwyk,9,21,10,67
kattwyk,9,22,11,91
kattwyk,9,23,13,80
kattwyk,9,24,9,69
kattwyk,9,25,10,73
kattwyk,9,26,10,61
kattwyk,9,27,9,59
kattwyk,9,28,13,72
kattwyk,9,29,13,87
kattwyk,9,30,11,63
kattwyk,9,31,10,75
kattwyk,9,32,9,65
kattwyk,9,33,9,41
kattwyk,9,34,10,48
kattwyk,9,35,13,77
kattwyk,9,36,10,77
kattwyk,9,37,10,51
kattwyk,9,38,10,36
kattwyk,9,39,8,75
kattwyk,9,40,11,86
kattwyk,9,41,10,61
kattwyk,9,42,6,36
kattwyk,9,43,8,54
kattwyk,9,44,6,55
kattwyk,9,45,5,28
kattwyk,9,46,6,49
kattwyk,9,47,6,39
kattwyk,9,48,10,64
kattwyk,9,49,8,41
kattwyk,9,50,5,35
kattwyk,9,51,6,49
kattwyk,9,52,8,41
kattwyk,9,53,8,48
kattwyk,9,54,5,33
kattwyk,9,55,8,51
kattwyk,9,56,10,63
kattwyk,9,57,6,41
kattwyk,9,58,8,41
kattwyk,9,59,9,42
kattwyk,9,60,4,23
kattwyk,9,61,7,54
kattwyk,9,62,10,67
kattwyk,9,63,9,61
kattwyk,9,64,5,19
kattwyk,9,65,7,32
kattwyk,9,66,9,42
kattwyk,9,67,7,54
kattwyk,9,68,8,48
kattwyk,9,69,8,39
kattwyk,9,70,6,32
kattwyk,9,71,6,37
kattwyk,9,72,8,57
kattwyk,9,73,9,41
kattwyk,9,74,6,24
kattwyk,9,75,9,67
kattwyk,9,76,10,65
kattwyk,9,77,5,40
kattwyk,9,78,5,43
kattwyk,9,79,4,24
kattwyk,9,80,5,25
kattwyk,9,81,4,32
kattwyk,9,82,5,43
kattwyk,9,83,5,37
kattwyk,11,0,7,52
kattwyk,11,1,9,27
kattwyk,11,2,9,57
kattwyk,11,3,6,49
kattwyk,11,4,8,29
kattwyk,11,5,8,32
kattwyk,11,6,6,52
kattwyk,11,7,8,51
kattwyk,11,8,8,35
kattwyk,11,9,7,49
kattwyk,11,10,6,44
kattwyk,11,11,8,42
kattwyk,11,12,10,65
kattwyk,11,13,7,52
kattwyk,11,14,7,43
kattwyk,11,15,9,46
kattwyk,11,16,10,64
kattwyk,11,17,8,68
kattwyk,11,18,9,59
kattwyk,11,19,11,83
kattwyk,11,20,6,57
kattwyk,11,21,7,43
kattwyk,11,22,10,60
kattwyk,11,23,9,68
kattwyk,11,24,7,46
kattwyk,11,25,7,39
kattwyk,11,26,8,36
kattwyk,11,27,8,51
kattwyk,11,28,10,61
kattwyk,11,29,8,30
kattwyk,11,30,6,40
kattwyk,11,31,5,40
kattwyk,11,32,8,40
kattwyk,11,33,10,58
kattwyk,11,34,8,48
kattwyk,11,35,7,37
kattwyk,11,36,7,32
kattwyk,11,37,8,48
kattwyk,11,38,6,38
kattwyk,11,39,8,34
kattwyk,11,40,8,25
kattwyk,11,41,8,48
kattwyk,11,42,8,52
kattwyk,11,43,4,14
kattwyk,11,44,5,18
kattwyk,11,45,6,34
kattwyk,11,46,5,26
kattwyk,11,47,7,44
kattwyk,11,48,8,36
kattwyk,11,49,7,32
kattwyk,11,50,6,43
kattwyk,11,51,6,30
kattwyk,11,52,4,16
kattwyk,11,53,2,13
kattwyk,11,54,5,30
kattwyk,11,55,7,31
kattwyk,11,56,5,34
kattwyk,11,57,3,14
kattwyk,11,58,5,32
kattwyk,11,59,7,49
kattwyk,11,60,3,17
kattwyk,11,61,6,40
kattwyk,11,62,6,38
kattwyk,11,63,4,23
kattwyk,11,64,6,27
kattwyk,11,65,6,23
kattwyk,11,66,6,36
kattwyk,11,67,5,27
kattwyk,11,68,5,35
kattwyk,11,69,6,35
kattwyk,11,70,5,20
kattwyk,11,71,4,24
kattwyk,11,72,7,31
kattwyk,11,73,5,17
kattwyk,11,74,4,21
kattwyk,11,75,6,33
kattwyk,11,76,6,28
kattwyk,11,77,3,14
kattwyk,11,78,5,21
kattwyk,11,79,6,24
kattwyk,11,80,6,23
kattwyk,11,81,4,21
kattwyk,11,82,5,29
kattwyk,11,83,7,33
kattwyk,11,84,5,20
kattwyk,11,85,5,22
koehlbrandhoeft,8,0,20,85
koehlbrandhoeft,8,1,29,108
koehlbrandhoeft,8,2,28,93
koehlbrandhoeft,8,3,25,87
koehlbrandhoeft,8,4,30,80
koehlbrandhoeft,8,5,21,78
koehlbrandhoeft,8,6,23,91
koehlbrandhoeft,8,7,25,101
koehlbrandhoeft,8,8,27,76
koehlbrandhoeft,8,9,27,91
koehlbrandhoeft,8,10,26,115
koehlbrandhoeft,8,11,24,80
koehlbrandhoeft,8,12,20,63
koehlbrandhoeft,8,13,23,83
koehlbrandhoeft,8,14,28,73
koehlbrandhoeft,8,15,25,69
koehlbrandhoeft,8,16,25,105
koehlbrandhoeft,8,17,23,95
koehlbrandhoeft,8,18,22,62
koehlbrandhoeft,8,19,20,47
koehlbrandhoeft,8,20,22,90
koehlbrandhoeft,8,21,23,86
koehlbrandhoeft,8,22,19,64
koehlbrandhoeft,8,23,30,100
koehlbrandhoeft,8,24,26,77
koehlbrandhoeft,8,25,23,84
koehlbrandhoeft,8,26,24,105
koehlbrandhoeft,8,27,25,87
koehlbrandhoeft,8,28,25,88
koehlbrandhoeft,8,29,27,100
koehlbrandhoeft,8,30,26,85
koehlbrandhoeft,8,31,23,76
koehlbrandhoeft,8,32,22,63
koehlbrandhoeft,8,33,24,95
koehlbrandhoeft,8,34,29,79
koehlbrandhoeft,8,35,22,71
koehlbrandhoeft,8,36,21,92
koehlbrandhoeft,8,37,24,79
koehlbrandhoeft,8,38,19,60
koehlbrandhoeft,8,39,24,94
koehlbrandhoeft,8,40,32,102
koehlbrandhoeft,8,41,24,79
koehlbrandhoeft,8,42,24,77
koehlbrandhoeft,8,43,31,98
koehlbrandhoeft,8,44,30,92
koehlbrandhoeft,8,45,25,86
koehlbrandhoeft,8,46,26,91
koehlbrandhoeft,8,47,28,101
koehlbrandhoeft,8,48,21,97
koehlbrandhoeft,8,49,25,78
koehlbrandhoeft,8,50,30,94
koehlbrandhoeft,8,51,25,98
koehlbrandhoeft,8,52,27,111
koehlbrandhoeft,8,53,30,90
koehlbrandhoeft,8,54,22,84
koehlbrandhoeft,8,55,22,91
koehlbrandhoeft,8,56,29,100
koehlbrandhoeft,8,57,24,81
koehlbrandhoeft,8,58,24,107
koehlbrandhoeft,8,59,28,98
koehlbrandhoeft,8,60,27,81
koehlbrandhoeft,8,61,24,80
koehlbrandhoeft,8,62,22,85
koehlbrandhoeft,8,63,27,102
koehlbrandhoeft,8,64,24,89
koehlbrandhoeft,8,65,28,111
koehlbrandhoeft,8,66,31,107
koehlbrandhoeft,8,67,26,95
koehlbrandhoeft,8,68,25,109
koehlbrandhoeft,8,69,28,93
koehlbrandhoeft,8,70,28,98
koehlbrandhoeft,8,71,26,93
koehlbrandhoeft,8,72,27,85
koehlbrandhoeft,8,73,25,82
koehlbrandhoeft,8,74,26,91
koehlbrandhoeft,8,75,26,104
koehlbrandhoeft,8,76,29,85
koehlbrandhoeft,8,77,26,86
koehlbrandhoeft,8,78,24,100
koehlbrandhoeft,8,79,31,93
koehlbrandhoeft,9,0,30,117
koehlbrandhoeft,9,1,27,117
koehlbrandhoeft,9,2,25,78
koehlbrandhoeft,9,3,27,96
koehlbrandhoeft,9,4,32,116
koehlbrandhoeft,9,5,31,102
koehlbrandhoeft,9,6,29,111
koehlbrandhoeft,9,7,33,103
koehlbrandhoeft,9,8,30,94
koehlbrandhoeft,9,9,32,93
koehlbrandhoeft,9,10,32,116
koehlbrandhoeft,9,11,32,115
koehlbrandhoeft,9,12,31,96
koehlbrandhoeft,9,13,23,81
koehlbrandhoeft,9,14,25,91
koehlbrandhoeft,9,15,33,85
koehlbrandhoeft,9,16,26,98
koehlbrandhoeft,9,17,27,99
koehlbrandhoeft,9,18,29,81
koehlbrandhoeft,9,19,24,82
koehlbrandhoeft,9,20,28,87
koehlbrandhoeft,9,21,30,80
koehlbrandhoeft,9,22,29,88
koehlbrandhoeft,9,23,26,103
koehlbrandhoeft,9,24,32,107
koehlbrandhoeft,9,25,33,98
koehlbrandhoeft,9,26,25,99
koehlbrandhoeft,9,27,27,96
koehlbrandhoeft,9,28,31,93
koehlbrandhoeft,9,29,33,104
koehlbrandhoeft,9,30,33,116
koehlbrandhoeft,9,31,29,93
koehlbrandhoeft,9,32,29,87
koehlbrandhoeft,9,33,27,98
koehlbrandhoeft,9,34,25,88
koehlbrandhoeft,9,35,31,98
koehlbrandhoeft,9,36,33,112
koehlbrandhoeft,9,37,36,127
koehlbrandhoeft,9,38,35,105
koehlbrandhoeft,9,39,26,91
koehlbrandhoeft,9,40,30,101
koehlbrandhoeft,9,41,29,95
koehlbrandhoeft,9,42,27,90
koehlbrandhoeft,9,43,26,119
koehlbrandhoeft,9,44,33,134
koehlbrandhoeft,9,45,31,106
koehlbrandhoeft,9,46,26,128
koehlbrandhoeft,9,47,32,131
koehlbrandhoeft,9,48,36,104
koehlbrandhoeft,9,49,29,109
koehlbrandhoeft,9,50,31,119
koehlbrandhoeft,9,51,33,105
koehlbrandhoeft,9,52,27,102
koehlbrandhoeft,9,53,32,117
koehlbrandhoeft,9,54,32,107
koehlbrandhoeft,9,55,29,122
koehlbrandhoeft,9,56,25,110
koehlbrandhoeft,9,57,29,94
koehlbrandhoeft,9,58,32,88
koehlbrandhoeft,9,59,31,112
koehlbrandhoeft,9,60,34,111
koehlbrandhoeft,9,61,31,85
koehlbrandhoeft,9,62,26,93
koehlbrandhoeft,9,63,29,120
koehlbrandhoeft,9,64,33,98
koehlbrandhoeft,9,65,32,108
koehlbrandhoeft,9,66,28,96
koehlbrandhoeft,9,67,31,97
koehlbrandhoeft,9,68,32,85
koehlbrandhoeft,9,69,29,87
koehlbrandhoeft,9,70,33,110
koehlbrandhoeft,9,71,29,95
koehlbrandhoeft,9,72,24,91
koehlbrandhoeft,9,73,33,126
koehlbrandhoeft,9,74,33,108
koehlbrandhoeft,9,75,24,99
koehlbrandhoeft,9,76,22,83
koehlbrandhoeft,9,77,34,114
koehlbrandhoeft,9,78,29,100
koehlbrandhoeft,9,79,24,100
koehlbrandhoeft,11,0,23,121
koehlbrandhoeft,11,1,26,127
koehlbrandhoeft,11,2,25,104
koehlbrandhoeft,11,3,21,104
koehlbrandhoeft,11,4,27,124
koehlbrandhoeft,11,5,29,108
koehlbrandhoeft,11,6,27,122
koehlbrandhoeft,11,7,27,118
koehlbrandhoeft,11,8,25,116
koehlbrandhoeft,11,9,28,124
koehlbrandhoeft,11,10,28,117
koehlbrandhoeft,11,11,28,115
koehlbrandhoeft,11,12,32,133
koehlbrandhoeft,11,13,23,109
koehlbrandhoeft,11,14,26,121
koehlbrandhoeft,11,15,30,131
koehlbrandhoeft,11,16,22,101
koehlbrandhoeft,11,17,29,138
koehlbrandhoeft,11,18,31,117
koehlbrandhoeft,11,19,24,110
koehlbrandhoeft,11,20,26,131
koehlbrandhoeft,11,21,30,127
koehlbrandhoeft,11,22,30,121
koehlbrandhoeft,11,23,27,137
koehlbrandhoeft,11,24,25,127
koehlbrandhoeft,11,25,26,124
koehlbrandhoeft,11,26,26,127
koehlbrandhoeft,11,27,28,123
koehlbrandhoeft,11,28,25,115
koehlbrandhoeft,11,29,28,121
koehlbrandhoeft,11,30,29,127
koehlbrandhoeft,11,31,27,120
koehlbrandhoeft,11,32,31,129
koehlbrandhoeft,11,33,24,116
koehlbrandhoeft,11,34,23,107
koehlbrandhoeft,11,35,30,125
koehlbrandhoeft,11,36,25,114
koehlbrandhoeft,11,37,31,137
koehlbrandhoeft,11,38,30,130
koehlbrandhoeft,11,39,24,116
koehlbrandhoeft,11,40,28,141
koehlbrandhoeft,11,41,33,162
koehlbrandhoeft,11,42,31,165
koehlbrandhoeft,11,43,30,140
koehlbrandhoeft,11,44,32,165
koehlbrandhoeft,11,45,33,164
koehlbrandhoeft,11,46,32,151
koehlbrandhoeft,11,47,28,128
koehlbrandhoeft,11,48,31,177
koehlbrandhoeft,11,49,33,172
koehlbrandhoeft,11,50,32,139
koehlbrandhoeft,11,51,29,156
koehlbrandhoeft,11,52,25,143
koehlbrandhoeft,11,53,37,165
koehlbrandhoeft,11,54,35,178
koehlbrandhoeft,11,55,28,142
koehlbrandhoeft,11,56,37,142
koehlbrandhoeft,11,57,33,153
koehlbrandhoeft,11,58,28,153
koehlbrandhoeft,11,59,27,125
koehlbrandhoeft,11,60,29,146
koehlbrandhoeft,11,61,31,154
koehlbrandhoeft,11,62,25,137
koehlbrandhoeft,11,63,27,146
koehlbrandhoeft,11,64,29,143
koehlbrandhoeft,11,65,27,133
koehlbrandhoeft,11,66,29,127
koehlbrandhoeft,11,67,30,155
koehlbrandhoeft,11,68,32,174
koehlbrandhoeft,11,69,33,157
koehlbrandhoeft,11,70,39,178
koehlbrandhoeft,11,71,31,181
koehlbrandhoeft,11,72,26,147
koehlbrandhoeft,11,73,30,186
koehlbrandhoeft,11,74,28,159
koehlbrandhoeft,11,75,25,131
koehlbrandhoeft,11,76,32,151
koehlbrandhoeft,11,77,35,180
koehlbrandhoeft,11,78,32,161
koehlbrandhoeft,11,79,27,135
krusenbusch,8,0,10,67
krusenbusch,8,1,8,65
krusenbusch,8,2,8,62
krusenbusch,8,3,9,70
krusenbusch,8,4,8,51
krusenbusch,8,5,7,44
krusenbusch,8,6,5,39
krusenbusch,8,7,10,62
krusenbusch,8,8,10,54
krusenbusch,8,9,7,51
krusenbusch,8,10,9,60
krusenbusch,8,11,11,60
krusenbusch,8,12,9,59
krusenbusch,8,13,8,47
krusenbusch,8,14,9,51
krusenbusch,8,15,9,54
krusenbusch,8,16,8,60
krusenbusch,8,17,7,56
krusenbusch,8,18,7,52
krusenbusch,8,19,9,71
krusenbusch,8,20,8,54
krusenbusch,8,21,7,50
krusenbusch,8,22,7,55
krusenbusch,8,23,7,60
krusenbusch,8,24,8,52
krusenbusch,8,25,8,50
krusenbusch,8,26,6,48
krusenbusch,8,27,7,46
krusenbusch,8,28,9,54
krusenbusch,8,29,7,56
krusenbusch,8,30,7,54
krusenbusch,8,31,11,61
krusenbusch,8,32,11,71
krusenbusch,8,33,8,38
krusenbusch,8,34,8,54
krusenbusch,8,35,10,61
krusenbusch,8,36,8,50
krusenbusch,8,37,8,55
krusenbusch,8,38,10,63
krusenbusch,8,39,10,75
krusenbusch,8,40,9,60
krusenbusch,8,41,10,55
krusenbusch,8,42,12,61
krusenbusch,8,43,10,64
krusenbusch,8,44,8,49
krusenbusch,8,45,11,60
krusenbusch,8,46,10,51
krusenbusch,8,47,8,46
krusenbusch,8,48,12,71
krusenbusch,8,49,11,82
krusenbusch,8,50,8,49
krusenbusch,8,51,11,63
krusenbusch,8,52,13,79
krusenbusch,8,53,13,69
krusenbusch,8,54,10,60
krusenbusch,8,55,9,62
krusenbusch,8,56,8,57
krusenbusch,8,57,9,58
krusenbusch,8,58,10,54
krusenbusch,8,59,10,57
krusenbusch,8,60,9,51
krusenbusch,8,61,9,52
krusenbusch,8,62,8,51
krusenbusch,8,63,7,38
krusenbusch,8,64,10,62
krusenbusch,8,65,10,48
krusenbusch,8,66,8,54
krusenbusch,8,67,7,44
krusenbusch,8,68,12,64
krusenbusch,8,69,9,55
krusenbusch,8,70,7,28
krusenbusch,8,71,9,56
krusenbusch,8,72,11,65
krusenbusch,8,73,8,51
krusenbusch,8,74,8,51
krusenbusch,8,75,10,58
krusenbusch,8,76,8,53
krusenbusch,8,77,8,54
krusenbusch,8,78,9,36
krusenbusch,8,79,8,49
krusenbusch,8,80,6,39
krusenbusch,9,0,13,65
krusenbusch,9,1,12,80
krusenbusch,9,2,10,48
krusenbusch,9,3,13,80
krusenbusch,9,4,12,75
krusenbusch,9,5,9,47
krusenbusch,9,6,14,91
krusenbusch,9,7,17,84
krusenbusch,9,8,12,55
krusenbusch,9,9,10,52
krusenbusch,9,10,11,63
krusenbusch,9,11,9,65
krusenbusch,9,12,9,42
krusenbusch,9,13,12,62
krusenbusch,9,14,16,83
krusenbusch,9,15,13,80
krusenbusch,9,16,10,56
krusenbusch,9,17,13,69
krusenbusch,9,18,13,84
krusenbusch,9,19,11,54
krusenbusch,9,20,11,73
krusenbusch,9,21,11,71
krusenbusch,9,22,9,47
krusenbusch,9,23,11,80
krusenbusch,9,24,12,75
krusenbusch,9,25,10,52
krusenbusch,9,26,15,102
krusenbusch,9,27,16,88
krusenbusch,9,28,12,67
krusenbusch,9,29,13,63
krusenbusch,9,30,13,73
krusenbusch,9,31,9,67
krusenbusch,9,32,8,39
krusenbusch,9,33,13,81
krusenbusch,9,34,15,81
krusenbusch,9,35,10,61
krusenbusch,9,36,11,57
krusenbusch,9,37,14,74
krusenbusch,9,38,11,71
krusenbusch,9,39,11,65
krusenbusch,9,40,10,58
krusenbusch,9,41,9,57
krusenbusch,9,42,8,55
krusenbusch,9,43,5,32
krusenbusch,9,44,7,50
krusenbusch,9,45,9,72
krusenbusch,9,46,9,35
krusenbusch,9,47,12,64
krusenbusch,9,48,11,64
krusenbusch,9,49,6,46
krusenbusch,9,50,8,55
krusenbusch,9,51,9,32
krusenbusch,9,52,6,26
krusenbusch,9,53,10,65
krusenbusch,9,54,14,76
krusenbusch,9,55,6,32
krusenbusch,9,56,10,63
krusenbusch,9,57,12,68
krusenbusch,9,58,5,29
krusenbusch,9,59,8,45
krusenbusch,9,60,12,78
krusenbusch,9,61,12,72
krusenbusch,9,62,6,36
krusenbusch,9,63,9,64
krusenbusch,9,64,12,67
krusenbusch,9,65,9,37
krusenbusch,9,66,11,72
krusenbusch,9,67,9,61
krusenbusch,9,68,5,40
krusenbusch,9,69,9,63
krusenbusch,9,70,12,66
krusenbusch,9,71,7,46
krusenbusch,9,72,8,36
krusenbusch,9,73,13,72
krusenbusch,9,74,11,60
krusenbusch,9,75,7,39
krusenbusch,9,76,9,61
krusenbusch,9,77,7,44
krusenbusch,9,78,4,15
krusenbusch,9,79,4,16
krusenbusch,9,80,7,58
krusenbusch,11,0,9,52
krusenbusch,11,1,12,47
krusenbusch,11,2,11,60
krusenbusch,11,3,8,45
krusenbusch,11,4,11,37
krusenbusch,11,5,10,49
krusenbusch,11,6,8,41
krusenbusch,11,7,11,47
krusenbusch,11,8,10,46
krusenbusch,11,9,9,45
krusenbusch,11,10,10,61
krusenbusch,11,11,13,77
krusenbusch,11,12,12,59
krusenbusch,11,13,9,39
krusenbusch,11,14,13,52
krusenbusch,11,15,12,57
krusenbusch,11,16,8,43
krusenbusch,11,17,14,80
krusenbusch,11,18,14,93
krusenbusch,11,19,7,39
krusenbusch,11,20,8,43
krusenbusch,11,21,12,69
krusenbusch,11,22,11,68
krusenbusch,11,23,12,73
krusenbusch,11,24,11,64
krusenbusch,11,25,8,40
krusenbusch,11,26,11,69
krusenbusch,11,27,15,69
krusenbusch,11,28,13,71
krusenbusch,11,29,8,54
krusenbusch,11,30,11,76
krusenbusch,11,31,14,79
krusenbusch,11,32,11,62
krusenbusch,11,33,11,56
krusenbusch,11,34,12,64
krusenbusch,11,35,11,60
krusenbusch,11,36,8,57
krusenbusch,11,37,9,59
krusenbusch,11,38,12,57
krusenbusch,11,39,12,51
krusenbusch,11,40,8,37
krusenbusch,11,41,5,28
krusenbusch,11,42,6,28
krusenbusch,11,43,6,20
krusenbusch,11,44,7,43
krusenbusch,11,45,7,33
krusenbusch,11,46,7,14
krusenbusch,11,47,6,31
krusenbusch,11,48,7,37
krusenbusch,11,49,9,46
krusenbusch,11,50,7,36
krusenbusch,11,51,6,13
krusenbusch,11,52,6,15
krusenbusch,11,53,6,15
krusenbusch,11,54,7,35
krusenbusch,11,55,8,51
krusenbusch,11,56,8,35
krusenbusch,11,57,6,33
krusenbusch,11,58,8,44
krusenbusch,11,59,7,29
krusenbusch,11,60,4,14
krusenbusch,11,61,7,37
krusenbusch,11,62,7,27
krusenbusch,11,63,7,37
krusenbusch,11,64,8,43
krusenbusch,11,65,7,32
krusenbusch,11,66,6,17
krusenbusch,11,67,5,15
krusenbusch,11,68,5,26
krusenbusch,11,69,6,28
krusenbusch,11,70,7,34
krusenbusch,11,71,9,43
krusenbusch,11,72,7,31
krusenbusch,11,73,5,14
krusenbusch,11,74,6,34
krusenbusch,11,75,7,38
krusenbusch,11,76,9,33
krusenbusch,11,77,6,34
krusenbusch,11,78,7,40
krusenbusch,11,79,8,31
krusenbusch,11,80,6,33
krusenbusch,11,81,7,37
landungsbruecken,8,0,17,85
landungsbruecken,8,1,24,98
landungsbruecken,8,2,22,111
landungsbruecken,8,3,15,77
landungsbruecken,8,4,21,97
landungsbruecken,8,5,23,103
landungsbruecken,8,6,19,75
landungsbruecken,8,7,21,94
landungsbruecken,8,8,25,94
landungsbruecken,8,9,19,103
landungsbruecken,8,10,20,106
landungsbruecken,8,11,22,129
landungsbruecken,8,12,19,126
landungsbruecken,8,13,21,82
landungsbruecken,8,14,24,96
landungsbruecken,8,15,23,80
landungsbruecken,8,16,21,80
landungsbruecken,8,17,20,86
landungsbruecken,8,18,20,88
landungsbruecken,8,19,14,91
landungsbruecken,8,20,22,81
landungsbruecken,8,21,23,84
landungsbruecken,8,22,18,92
landungsbruecken,8,23,20,84
landungsbruecken,8,24,23,91
landungsbruecken,8,25,20,103
landungsbruecken,8,26,15,84
landungsbruecken,8,27,25,100
landungsbruecken,8,28,26,93
landungsbruecken,8,29,17,76
landungsbruecken,8,30,24,112
landungsbruecken,8,31,26,112
landungsbruecken,8,32,18,82
landungsbruecken,8,33,17,85
landungsbruecken,8,34,24,97
landungsbruecken,8,35,25,96
landungsbruecken,8,36,20,100
landungsbruecken,8,37,19,87
landungsbruecken,8,38,19,99
landungsbruecken,8,39,19,95
landungsbruecken,8,40,19,104
landungsbruecken,8,41,20,111
landungsbruecken,8,42,19,91
landungsbruecken,8,43,17,68
landungsbruecken,8,44,20,84
landungsbruecken,8,45,22,100
landungsbruecken,8,46,19,99
landungsbruecken,8,47,21,92
landungsbruecken,8,48,19,82
landungsbruecken,8,49,14,83
landungsbruecken,8,50,17,93
landungsbruecken,8,51,21,90
landungsbruecken,8,52,15,66
landungsbruecken,8,53,16,97
landungsbruecken,8,54,21,107
landungsbruecken,8,55,16,78
landungsbruecken,8,56,15,73
landungsbruecken,8,57,21,90
landungsbruecken,8,58,19,77
landungsbruecken,8,59,13,58
landungsbruecken,8,60,18,95
landungsbruecken,8,61,25,100
landungsbruecken,8,62,19,82
landungsbruecken,8,63,13,65
landungsbruecken,8,64,16,78
landungsbruecken,8,65,20,91
landungsbruecken,8,66,19,94
landungsbruecken,8,67,21,109
landungsbruecken,8,68,18,83
landungsbruecken,8,69,15,71
landungsbruecken,8,70,18,84
landungsbruecken,8,71,21,99
landungsbruecken,8,72,19,84
landungsbruecken,8,73,17,93
landungsbruecken,8,74,20,105
landungsbruecken,8,75,21,95
landungsbruecken,8,76,21,90
landungsbruecken,8,77,19,102
landungsbruecken,8,78,19,90
landungsbruecken,8,79,17,73
landungsbruecken,8,80,17,92
landungsbruecken,8,81,23,97
landungsbruecken,9,0,18,97
landungsbruecken,9,1,19,95
landungsbruecken,9,2,14,86
landungsbruecken,9,3,17,84
landungsbruecken,9,4,23,91
landungsbruecken,9,5,20,94
landungsbruecken,9,6,21,103
landungsbruecken,9,7,20,93
landungsbruecken,9,8,19,84
landungsbruecken,9,9,19,86
landungsbruecken,9,10,24,97
landungsbruecken,9,11,21,85
landungsbruecken,9,12,19,95
landungsbruecken,9,13,21,103
landungsbruecken,9,14,18,115
landungsbruecken,9,15,18,94
landungsbruecken,9,16,19,96
landungsbruecken,9,17,22,98
landungsbruecken,9,18,24,112
landungsbruecken,9,19,15,70
landungsbruecken,9,20,16,82
landungsbruecken,9,21,18,104
landungsbruecken,9,22,16,90
landungsbruecken,9,23,20,96
landungsbruecken,9,24,19,102
landungsbruecken,9,25,18,85
landungsbruecken,9,26,20,104
landungsbruecken,9,27,21,102
landungsbruecken,9,28,17,93
landungsbruecken,9,29,18,90
landungsbruecken,9,30,26,97
landungsbruecken,9,31,21,99
landungsbruecken,9,32,16,79
landungsbruecken,9,33,22,107
landungsbruecken,9,34,20,105
landungsbruecken,9,35,17,98
landungsbruecken,9,36,16,85
landungsbruecken,9,37,21,86
landungsbruecken,9,38,24,101
landungsbruecken,9,39,17,80
landungsbruecken,9,40,18,92
landungsbruecken,9,41,22,86
landungsbruecken,9,42,26,99
landungsbruecken,9,43,24,92
landungsbruecken,9,44,21,90
landungsbruecken,9,45,19,93
landungsbruecken,9,46,22,91
landungsbruecken,9,47,19,82
landungsbruecken,9,48,13,73
landungsbruecken,9,49,23,92
landungsbruecken,9,50,27,102
landungsbruecken,9,51,23,86
landungsbruecken,9,52,22,101
landungsbruecken,9,53,22,85
landungsbruecken,9,54,21,83
landungsbruecken,9,55,16,89
landungsbruecken,9,56,20,103
landungsbruecken,9,57,21,107
landungsbruecken,9,58,16,99
landungsbruecken,9,59,21,94
landungsbruecken,9,60,26,104
landungsbruecken,9,61,20,93
landungsbruecken,9,62,17,92
landungsbruecken,9,63,23,94
landungsbruecken,9,64,25,100
landungsbruecken,9,65,22,97
landungsbruecken,9,66,24,109
landungsbruecken,9,67,22,98
landungsbruecken,9,68,21,102
landungsbruecken,9,69,27,117
landungsbruecken,9,70,27,104
landungsbruecken,9,71,21,80
landungsbruecken,9,72,25,102
landungsbruecken,9,73,23,102
landungsbruecken,9,74,16,82
landungsbruecken,9,75,16,85
landungsbruecken,9,76,19,82
landungsbruecken,9,77,13,74
landungsbruecken,9,78,8,55
landungsbruecken,9,79,23,93
landungsbruecken,9,80,17,71
landungsbruecken,9,81,14,67
landungsbruecken,11,0,23,121
landungsbruecken,11,1,23,112
landungsbruecken,11,2,23,117
landungsbruecken,11,3,23,122
landungsbruecken,11,4,25,135
landungsbruecken,11,5,23,92
landungsbruecken,11,6,26,131
landungsbruecken,11,7,27,132
landungsbruecken,11,8,27,117
landungsbruecken,11,9,28,117
landungsbruecken,11,10,27,114
landungsbruecken,11,11,26,106
landungsbruecken,11,12,25,138
landungsbruecken,11,13,23,131
landungsbruecken,11,14,21,132
landungsbruecken,11,15,21,119
landungsbruecken,11,16,24,111
landungsbruecken,11,17,24,127
landungsbruecken,11,18,23,101
landungsbruecken,11,19,22,104
landungsbruecken,11,20,20,113
landungsbruecken,11,21,25,118
landungsbruecken,11,22,22,111
landungsbruecken,11,23,28,139
landungsbruecken,11,24,23,129
landungsbruecken,11,25,15,87
landungsbruecken,11,26,21,128
landungsbruecken,11,27,24,123
landungsbruecken,11,28,22,76
landungsbruecken,11,29,24,97
landungsbruecken,11,30,25,105
landungsbruecken,11,31,24,102
landungsbruecken,11,32,18,90
landungsbruecken,11,33,20,128
landungsbruecken,11,34,26,136
landungsbruecken,11,35,22,107
landungsbruecken,11,36,19,113
landungsbruecken,11,37,23,127
landungsbruecken,11,38,24,110
landungsbruecken,11,39,20,102
landungsbruecken,11,40,15,98
landungsbruecken,11,41,26,111
landungsbruecken,11,42,25,103
landungsbruecken,11,43,26,125
landungsbruecken,11,44,29,107
landungsbruecken,11,45,31,111
landungsbruecken,11,46,30,111
landungsbruecken,11,47,26,111
landungsbruecken,11,48,31,125
landungsbruecken,11,49,29,121
landungsbruecken,11,50,29,105
landungsbruecken,11,51,28,116
landungsbruecken,11,52,24,119
landungsbruecken,11,53,27,107
landungsbruecken,11,54,26,113
landungsbruecken,11,55,26,123
landungsbruecken,11,56,27,127
landungsbruecken,11,57,26,99
landungsbruecken,11,58,27,123
landungsbruecken,11,59,21,111
landungsbruecken,11,60,15,86
landungsbruecken,11,61,19,109
landungsbruecken,11,62,23,95
landungsbruecken,11,63,24,124
landungsbruecken,11,64,25,135
landungsbruecken,11,65,19,100
landungsbruecken,11,66,20,83
landungsbruecken,11,67,24,88
landungsbruecken,11,68,31,121
landungsbruecken,11,69,31,123
landungsbruecken,11,70,28,120
landungsbruecken,11,71,32,123
landungsbruecken,11,72,25,113
landungsbruecken,11,73,22,117
landungsbruecken,11,74,25,133
landungsbruecken,11,75,23,122
landungsbruecken,11,76,25,103
landungsbruecken,11,77,29,110
landungsbruecken,11,78,29,110
landungsbruecken,11,79,26,120
landungsbruecken,11,80,25,128
landungsbruecken,11,81,23,89
nesssand,8,0,3,15
nesssand,8,1,2,10
nesssand,8,2,4,9
nesssand,8,3,5,12
nesssand,8,4,2,4
nesssand,8,5,3,9
nesssand,8,6,5,15
nesssand,8,7,5,15
nesssand,8,8,3,9
nesssand,8,9,5,12
nesssand,8,10,6,13
nesssand,8,11,6,27
nesssand,8,12,4,21
nesssand,8,13,4,11
nesssand,8,14,5,12
nesssand,8,15,4,14
nesssand,8,16,4,12
nesssand,8,17,6,18
nesssand,8,18,6,17
nesssand,8,19,4,14
nesssand,8,20,5,14
nesssand,8,21,6,24
nesssand,8,22,5,24
nesssand,8,23,3,12
nesssand,8,24,4,12
nesssand,8,25,4,14
nesssand,8,26,3,12
nesssand,8,27,5,10
nesssand,8,28,5,12
nesssand,8,29,7,18
nesssand,8,30,4,8
nesssand,8,31,4,8
nesssand,8,32,6,19
nesssand,8,33,4,19
nesssand,8,34,4,18
nesssand,8,35,5,22
nesssand,8,36,4,10
nesssand,8,37,2,5
nesssand,8,38,3,8
nesssand,8,39,5,10
nesssand,8,40,5,10
nesssand,8,41,4,11
nesssand,8,42,4,12
nesssand,8,43,6,19
nesssand,8,44,5,17
nesssand,8,45,3,29
nesssand,8,46,5,28
nesssand,8,47,5,11
nesssand,8,48,5,10
nesssand,8,49,4,9
nesssand,8,50,3,9
nesssand,8,51,3,9
nesssand,8,52,4,24
nesssand,8,53,4,20
nesssand,8,54,5,16
nesssand,8,55,5,16
nesssand,8,56,5,17
nesssand,8,57,4,15
nesssand,8,58,5,17
nesssand,8,59,5,18
nesssand,8,60,4,15
nesssand,8,61,5,22
nesssand,8,62,5,24
nesssand,8,63,4,11
nesssand,8,64,5,24
nesssand,8,65,5,24
nesssand,8,66,4,26
nesssand,8,67,2,6
nesssand,8,68,4,12
nesssand,8,69,5,13
nesssand,8,70,4,10
nesssand,8,71,3,7
nesssand,8,72,4,12
nesssand,8,73,3,11
nesssand,8,74,2,13
nesssand,8,75,4,20
nesssand,8,76,4,14
nesssand,8,77,3,10
nesssand,8,78,3,9
nesssand,8,79,3,8
nesssand,8,80,5,16
nesssand,8,81,4,33
nesssand,8,82,3,33
nesssand,8,83,4,13
nesssand,8,84,6,33
nesssand,8,85,4,22
nesssand,8,86,3,8
nesssand,8,87,3,14
nesssand,8,88,4,18
nesssand,8,89,3,17
nesssand,9,0,4,32
nesssand,9,1,3,25
nesssand,9,2,3,22
nesssand,9,3,4,20
nesssand,9,4,3,9
nesssand,9,5,2,17
nesssand,9,6,2,15
nesssand,9,7,1,13
nesssand,9,8,2,8
nesssand,9,9,2,7
nesssand,9,10,3,14
nesssand,9,11,1,7
nesssand,9,12,2,5
nesssand,9,13,4,15
nesssand,9,14,3,12
nesssand,9,15,2,5
nesssand,9,16,2,5
nesssand,9,17,2,6
nesssand,9,18,2,6
nesssand,9,19,2,11
nesssand,9,20,2,14
nesssand,9,21,1,7
nesssand,9,22,2,5
nesssand,9,23,3,6
nesssand,9,24,2,15
nesssand,9,25,3,18
nesssand,9,26,2,17
nesssand,9,27,1,19
nesssand,9,28,1,20
nesssand,9,29,4,35
nesssand,9,30,3,9
nesssand,9,31,2,4
nesssand,9,32,3,7
nesssand,9,33,1,2
nesssand,9,34,1,9
nesssand,9,35,3,15
nesssand,9,36,2,4
nesssand,9,37,1,3
nesssand,9,38,2,7
nesssand,9,39,2,5
nesssand,9,40,5,36
nesssand,9,41,4,25
nesssand,9,42,5,11
nesssand,9,43,4,11
nesssand,9,44,2,4
nesssand,9,45,4,23
nesssand,9,46,5,24
nesssand,9,47,4,15
nesssand,9,48,3,13
nesssand,9,49,4,23
nesssand,9,50,5,28
nesssand,9,51,4,16
nesssand,9,52,6,27
nesssand,9,53,7,36
nesssand,9,54,5,22
nesssand,9,55,3,10
nesssand,9,56,3,15
nesssand,9,57,4,16
nesssand,9,58,3,11
nesssand,9,59,2,11
nesssand,9,60,4,14
nesssand,9,61,5,13
nesssand,9,62,5,14
nesssand,9,63,4,12
nesssand,9,64,4,9
nesssand,9,65,4,12
nesssand,9,66,3,10
nesssand,9,67,3,12
nesssand,9,68,3,10
nesssand,9,69,3,12
nesssand,9,70,2,6
nesssand,9,71,4,10
nesssand,9,72,4,10
nesssand,9,73,3,12
nesssand,9,74,5,15
nesssand,9,75,4,9
nesssand,9,76,4,31
nesssand,9,77,3,29
nesssand,9,78,3,6
nesssand,9,79,3,8
nesssand,9,80,2,8
nesssand,9,81,3,9
nesssand,9,82,3,10
nesssand,9,83,4,16
nesssand,9,84,4,24
nesssand,11,0,5,37
nesssand,11,1,5,8
nesssand,11,2,6,41
nesssand,11,3,6,41
nesssand,11,4,6,9
nesssand,11,5,8,14
nesssand,11,6,7,16
nesssand,11,7,7,27
nesssand,11,8,7,23
nesssand,11,9,8,15
nesssand,11,10,6,14
nesssand,11,11,5,18
nesssand,11,12,7,18
nesssand,11,13,6,25
nesssand,11,14,5,26
nesssand,11,15,8,17
nesssand,11,16,7,12
nesssand,11,17,4,9
nesssand,11,18,4,10
nesssand,11,19,6,12
nesssand,11,20,7,14
nesssand,11,21,5,9
nesssand,11,22,4,11
nesssand,11,23,7,23
nesssand,11,24,6,30
nesssand,11,25,5,18
nesssand,11,26,7,29
nesssand,11,27,7,11
nesssand,11,28,5,8
nesssand,11,29,4,9
nesssand,11,30,8,20
nesssand,11,31,7,22
nesssand,11,32,6,21
nesssand,11,33,4,16
nesssand,11,34,7,38
nesssand,11,35,7,36
nesssand,11,36,4,24
nesssand,11,37,7,35
nesssand,11,38,6,15
nesssand,11,39,5,13
nesssand,11,40,3,9
nesssand,11,41,6,11
nesssand,11,42,4,5
nesssand,11,43,4,14
nesssand,11,44,5,17
nesssand,11,45,7,33
nesssand,11,46,5,7
nesssand,11,47,4,10
nesssand,11,48,5,10
nesssand,11,49,4,8
nesssand,11,50,6,34
nesssand,11,51,5,28
nesssand,11,52,5,11
nesssand,11,53,4,6
nesssand,11,54,5,16
nesssand,11,55,5,16
nesssand,11,56,7,22
nesssand,11,57,7,24
nesssand,11,58,5,7
nesssand,11,59,4,10
nesssand,11,60,5,12
nesssand,11,61,4,27
nesssand,11,62,4,16
nesssand,11,63,4,6
nesssand,11,64,2,3
nesssand,11,65,2,14
nesssand,11,66,3,18
nesssand,11,67,4,6
nesssand,11,68,2,3
nesssand,11,69,3,4
nesssand,11,70,3,4
nesssand,11,71,2,4
nesssand,11,72,6,23
nesssand,11,73,4,19
nesssand,11,74,5,27
nesssand,11,75,4,25
nesssand,11,76,3,5
nesssand,11,77,3,6
nesssand,11,78,4,6
nesssand,11,79,5,22
nesssand,11,80,5,28
nesssand,11,81,2,6
nesssand,11,82,3,4
nesssand,11,83,4,13
nesssand,11,84,4,16
nesssand,11,85,4,8
nesssand,11,86,2,8
nesssand,11,87,1,7
nesssand,11,88,4,14
nesssand,11,89,5,16
parkhafen,8,0,4,49
parkhafen,8,1,4,47
parkhafen,8,2,9,75
parkhafen,8,3,7,49
parkhafen,8,4,5,38
parkhafen,8,5,6,68
parkhafen,8,6,6,72
parkhafen,8,7,7,63
parkhafen,8,8,7,74
parkhafen,8,9,6,76
parkhafen,8,10,4,44
parkhafen,8,11,4,45
parkhafen,8,12,6,71
parkhafen,8,13,5,57
parkhafen,8,14,6,43
parkhafen,8,15,8,88
parkhafen,8,16,6,63
parkhafen,8,17,5,53
parkhafen,8,18,5,58
parkhafen,8,19,6,63
parkhafen,8,20,4,46
parkhafen,8,21,5,59
parkhafen,8,22,9,82
parkhafen,8,23,7,72
parkhafen,8,24,6,58
parkhafen,8,25,6,67
parkhafen,8,26,6,68
parkhafen,8,27,7,51
parkhafen,8,28,7,72
parkhafen,8,29,7,73
parkhafen,8,30,6,52
parkhafen,8,31,5,47
parkhafen,8,32,6,60
parkhafen,8,33,5,51
parkhafen,8,34,5,48
parkhafen,8,35,7,85
parkhafen,8,36,7,85
parkhafen,8,37,6,54
parkhafen,8,38,5,56
parkhafen,8,39,6,67
parkhafen,8,40,6,55
parkhafen,8,41,6,51
parkhafen,8,42,5,56
parkhafen,8,43,3,34
parkhafen,8,44,6,69
parkhafen,8,45,9,96
parkhafen,8,46,6,65
parkhafen,8,47,5,57
parkhafen,8,48,10,98
parkhafen,8,49,10,106
parkhafen,8,50,8,96
parkhafen,8,51,9,75
parkhafen,8,52,9,91
parkhafen,8,53,7,64
parkhafen,8,54,6,77
parkhafen,8,55,7,96
parkhafen,8,56,6,57
parkhafen,8,57,5,38
parkhafen,8,58,7,52
parkhafen,8,59,9,80
parkhafen,8,60,7,58
parkhafen,8,61,8,84
parkhafen,8,62,10,93
parkhafen,8,63,5,51
parkhafen,8,64,4,51
parkhafen,8,65,8,83
parkhafen,8,66,8,94
parkhafen,8,67,6,73
parkhafen,8,68,7,62
parkhafen,8,69,8,80
parkhafen,8,70,5,48
parkhafen,8,71,3,43
parkhafen,8,72,8,73
parkhafen,8,73,8,63
parkhafen,8,74,6,55
parkhafen,8,75,9,80
parkhafen,8,76,7,56
parkhafen,8,77,4,30
parkhafen,8,78,5,35
parkhafen,8,79,8,72
parkhafen,8,80,5,59
parkhafen,8,81,7,67
parkhafen,9,0,9,90
parkhafen,9,1,9,74
parkhafen,9,2,8,66
parkhafen,9,3,11,89
parkhafen,9,4,9,74
parkhafen,9,5,7,61
parkhafen,9,6,7,71
parkhafen,9,7,6,71
parkhafen,9,8,7,57
parkhafen,9,9,6,55
parkhafen,9,10,8,107
parkhafen,9,11,10,92
parkhafen,9,12,6,48
parkhafen,9,13,8,87
parkhafen,9,14,10,101
parkhafen,9,15,7,60
parkhafen,9,16,6,62
parkhafen,9,17,8,86
parkhafen,9,18,9,85
parkhafen,9,19,6,53
parkhafen,9,20,8,77
parkhafen,9,21,10,69
parkhafen,9,22,6,50
parkhafen,9,23,6,59
parkhafen,9,24,6,48
parkhafen,9,25,6,61
parkhafen,9,26,7,77
parkhafen,9,27,7,72
parkhafen,9,28,9,70
parkhafen,9,29,8,77
parkhafen,9,30,8,89
parkhafen,9,31,10,86
parkhafen,9,32,8,90
parkhafen,9,33,8,98
parkhafen,9,34,8,65
parkhafen,9,35,7,66
parkhafen,9,36,8,67
parkhafen,9,37,8,84
parkhafen,9,38,10,100
parkhafen,9,39,8,65
parkhafen,9,40,7,66
parkhafen,9,41,7,78
parkhafen,9,42,8,96
parkhafen,9,43,5,69
parkhafen,9,44,6,63
parkhafen,9,45,8,90
parkhafen,9,46,6,93
parkhafen,9,47,5,55
parkhafen,9,48,7,73
parkhafen,9,49,5,63
parkhafen,9,50,3,38
parkhafen,9,51,5,56
parkhafen,9,52,6,72
parkhafen,9,53,7,96
parkhafen,9,54,9,93
parkhafen,9,55,6,62
parkhafen,9,56,4,55
parkhafen,9,57,6,76
parkhafen,9,58,7,83
parkhafen,9,59,8,97
parkhafen,9,60,6,81
parkhafen,9,61,7,64
parkhafen,9,62,6,65
parkhafen,9,63,3,43
parkhafen,9,64,6,67
parkhafen,9,65,8,83
parkhafen,9,66,6,86
parkhafen,9,67,7,84
parkhafen,9,68,7,67
parkhafen,9,69,4,58
parkhafen,9,70,6,63
parkhafen,9,71,9,84
parkhafen,9,72,7,65
parkhafen,9,73,8,86
parkhafen,9,74,10,99
parkhafen,9,75,7,66
parkhafen,9,76,6,66
parkhafen,9,77,6,68
parkhafen,9,78,8,75
parkhafen,9,79,8,72
parkhafen,9,80,6,72
parkhafen,9,81,7,70
parkhafen,11,0,6,62
parkhafen,11,1,7,85
parkhafen,11,2,7,82
parkhafen,11,3,3,27
parkhafen,11,4,5,63
parkhafen,11,5,4,52
parkhafen,11,6,2,22
parkhafen,11,7,6,70
parkhafen,11,8,6,84
parkhafen,11,9,3,42
parkhafen,11,10,5,75
parkhafen,11,11,8,95
parkhafen,11,12,5,56
parkhafen,11,13,4,51
parkhafen,11,14,6,71
parkhafen,11,15,5,58
parkhafen,11,16,4,40
parkhafen,11,17,6,61
parkhafen,11,18,6,74
parkhafen,11,19,3,25
parkhafen,11,20,4,68
parkhafen,11,21,7,86
parkhafen,11,22,6,45
parkhafen,11,23,3,36
parkhafen,11,24,5,66
parkhafen,11,25,5,64
parkhafen,11,26,3,41
parkhafen,11,27,7,83
parkhafen,11,28,7,75
parkhafen,11,29,4,40
parkhafen,11,30,5,59
parkhafen,11,31,8,73
parkhafen,11,32,6,49
parkhafen,11,33,4,53
parkhafen,11,34,7,69
parkhafen,11,35,8,63
parkhafen,11,36,5,35
parkhafen,11,37,6,54
parkhafen,11,38,7,58
parkhafen,11,39,4,33
parkhafen,11,40,4,51
parkhafen,11,41,3,29
parkhafen,11,42,4,48
parkhafen,11,43,2,30
parkhafen,11,44,3,26
parkhafen,11,45,3,16
parkhafen,11,46,2,9
parkhafen,11,47,3,22
parkhafen,11,48,4,41
parkhafen,11,49,5,45
parkhafen,11,50,4,41
parkhafen,11,51,1,4
parkhafen,11,52,2,10
parkhafen,11,53,3,29
parkhafen,11,54,4,42
parkhafen,11,55,3,23
parkhafen,11,56,3,27
parkhafen,11,57,3,32
parkhafen,11,58,5,43
parkhafen,11,59,7,61
parkhafen,11,60,5,48
parkhafen,11,61,3,38
parkhafen,11,62,4,33
parkhafen,11,63,5,46
parkhafen,11,64,4,36
parkhafen,11,65,3,21
parkhafen,11,66,3,22
parkhafen,11,67,2,13
parkhafen,11,68,3,19
parkhafen,11,69,3,35
parkhafen,11,70,2,26
parkhafen,11,71,2,18
parkhafen,11,72,2,20
parkhafen,11,73,2,22
parkhafen,11,74,3,23
parkhafen,11,75,5,52
parkhafen,11,76,4,43
parkhafen,11,77,2,20
parkhafen,11,78,5,39
parkhafen,11,79,4,31
parkhafen,11,80,1,10
parkhafen,11,81,2,19
reiherstieg,8,0,2,21
reiherstieg,8,1,1,11
reiherstieg,8,2,3,32
reiherstieg,8,3,3,34
reiherstieg,8,4,2,24
reiherstieg,8,5,3,38
reiherstieg,8,6,2,27
reiherstieg,8,7,1,14
reiherstieg,8,8,3,35
reiherstieg,8,9,3,37
reiherstieg,8,10,4,41
reiherstieg,8,11,3,35
reiherstieg,8,12,1,12
reiherstieg,8,13,3,25
reiherstieg,8,14,2,19
reiherstieg,8,15,1,8
reiherstieg,8,16,3,21
reiherstieg,8,17,3,30
reiherstieg,8,18,2,24
reiherstieg,8,19,2,20
reiherstieg,8,20,2,18
reiherstieg,8,21,1,11
reiherstieg,8,22,1,7
reiherstieg,8,23,2,20
reiherstieg,8,24,2,23
reiherstieg,8,25,2,15
reiherstieg,8,26,2,22
reiherstieg,8,27,1,13
reiherstieg,8,28,1,16
reiherstieg,8,29,3,35
reiherstieg,8,30,3,36
reiherstieg,8,31,3,35
reiherstieg,8,32,3,35
reiherstieg,8,33,2,23
reiherstieg,8,34,1,15
reiherstieg,8,35,3,36
reiherstieg,8,36,3,29
reiherstieg,8,37,3,33
reiherstieg,8,38,4,36
reiherstieg,8,39,2,26
reiherstieg,8,40,2,28
reiherstieg,8,41,3,25
reiherstieg,8,42,4,32
reiherstieg,8,43,2,28
reiherstieg,8,44,3,27
reiherstieg,8,45,3,28
reiherstieg,8,46,1,13
reiherstieg,8,47,3,29
reiherstieg,8,48,2,20
reiherstieg,8,49,3,37
reiherstieg,8,50,4,35
reiherstieg,8,51,1,12
reiherstieg,8,52,1,9
reiherstieg,8,53,4,33
reiherstieg,8,54,3,25
reiherstieg,8,55,4,32
reiherstieg,8,56,4,36
reiherstieg,8,57,1,15
reiherstieg,8,58,3,32
reiherstieg,8,59,2,29
reiherstieg,8,60,2,27
reiherstieg,8,61,2,27
reiherstieg,8,62,6,41
reiherstieg,8,63,4,38
reiherstieg,8,64,2,20
reiherstieg,8,65,3,36
reiherstieg,8,66,1,9
reiherstieg,8,67,3,29
reiherstieg,8,68,3,31
reiherstieg,8,69,3,24
reiherstieg,8,70,4,36
reiherstieg,8,71,2,20
reiherstieg,8,72,3,24
reiherstieg,9,0,6,44
reiherstieg,9,1,4,41
reiherstieg,9,2,2,23
reiherstieg,9,3,4,37
reiherstieg,9,4,4,39
reiherstieg,9,5,4,33
reiherstieg,9,6,4,37
reiherstieg,9,7,4,35
reiherstieg,9,8,3,32
reiherstieg,9,9,2,19
reiherstieg,9,10,2,12
reiherstieg,9,11,3,30
reiherstieg,9,12,2,20
reiherstieg,9,13,3,35
reiherstieg,9,14,4,44
reiherstieg,9,15,3,26
reiherstieg,9,16,3,19
reiherstieg,9,17,4,34
reiherstieg,9,18,3,28
reiherstieg,9,19,1,11
reiherstieg,9,20,5,34
reiherstieg,9,21,5,35
reiherstieg,9,22,3,25
reiherstieg,9,23,3,31
reiherstieg,9,24,3,34
reiherstieg,9,25,3,28
reiherstieg,9,26,2,25
reiherstieg,9,27,4,31
reiherstieg,9,28,3,30
reiherstieg,9,29,1,5
reiherstieg,9,30,3,23
reiherstieg,9,31,4,37
reiherstieg,9,32,4,32
reiherstieg,9,33,4,33
reiherstieg,9,34,5,36
reiherstieg,9,35,4,41
reiherstieg,9,36,2,27
reiherstieg,9,37,3,32
reiherstieg,9,38,2,26
reiherstieg,9,39,2,24
reiherstieg,9,40,5,39
reiherstieg,9,41,5,53
reiherstieg,9,42,2,18
reiherstieg,9,43,2,22
reiherstieg,9,44,3,27
reiherstieg,9,45,1,12
reiherstieg,9,46,2,22
reiherstieg,9,47,3,33
reiherstieg,9,48,1,12
reiherstieg,9,49,4,46
reiherstieg,9,50,4,46
reiherstieg,9,51,1,13
reiherstieg,9,52,1,11
reiherstieg,9,53,3,33
reiherstieg,9,54,3,30
reiherstieg,9,55,1,12
reiherstieg,9,56,3,32
reiherstieg,9,57,3,34
reiherstieg,9,58,3,31
reiherstieg,9,59,4,44
reiherstieg,9,60,1,12
reiherstieg,9,61,2,24
reiherstieg,9,62,3,30
reiherstieg,9,63,1,12
reiherstieg,9,64,1,11
reiherstieg,9,65,2,22
reiherstieg,9,66,1,12
reiherstieg,9,67,3,33
reiherstieg,9,68,4,42
reiherstieg,9,69,1,12
reiherstieg,9,70,1,10
reiherstieg,9,71,3,31
reiherstieg,9,72,2,24
reiherstieg,9,73,2,23
reiherstieg,9,74,2,22
reiherstieg,9,75,3,33
reiherstieg,9,76,4,40
reiherstieg,11,0,3,32
reiherstieg,11,1,1,13
reiherstieg,11,2,3,37
reiherstieg,11,3,4,37
reiherstieg,11,4,1,18
reiherstieg,11,5,2,16
reiherstieg,11,6,3,32
reiherstieg,11,7,1,15
reiherstieg,11,8,1,5
reiherstieg,11,9,3,29
reiherstieg,11,10,2,28
reiherstieg,11,11,3,28
reiherstieg,11,12,3,28
reiherstieg,11,13,2,27
reiherstieg,11,14,2,25
reiherstieg,11,15,2,16
reiherstieg,11,16,3,25
reiherstieg,11,17,1,15
reiherstieg,11,18,2,13
reiherstieg,11,19,2,12
reiherstieg,11,20,1,15
reiherstieg,11,21,3,27
reiherstieg,11,22,2,29
reiherstieg,11,23,1,13
reiherstieg,11,24,3,29
reiherstieg,11,25,2,26
reiherstieg,11,26,2,26
reiherstieg,11,27,2,22
reiherstieg,11,28,1,2
reiherstieg,11,29,2,18
reiherstieg,11,30,3,30
reiherstieg,11,31,2,28
reiherstieg,11,32,1,16
reiherstieg,11,33,3,30
reiherstieg,11,34,1,12
reiherstieg,11,35,2,23
reiherstieg,11,36,2,24
reiherstieg,11,37,1,8
reiherstieg,11,38,2,23
reiherstieg,11,39,1,12
reiherstieg,11,40,1,8
reiherstieg,11,41,2,22
reiherstieg,11,42,2,24
reiherstieg,11,43,1,8
reiherstieg,11,44,2,26
reiherstieg,11,45,1,14
reiherstieg,11,46,1,9
reiherstieg,11,47,2,20
reiherstieg,11,48,1,16
reiherstieg,11,49,1,13
reiherstieg,11,50,1,15
reiherstieg,11,51,1,12
reiherstieg,11,52,2,24
reiherstieg,11,53,2,25
reiherstieg,11,54,1,13
reiherstieg,11,55,1,10
reiherstieg,11,56,2,28
reiherstieg,11,57,1,13
reiherstieg,11,58,2,24
reiherstieg,11,59,2,27
reiherstieg,11,60,2,17
reiherstieg,11,61,3,29
reiherstieg,11,62,1,16
reiherstieg,11,63,1,10
reiherstieg,11,64,2,25
reiherstieg,11,65,1,15
reiherstieg,11,66,1,10
reiherstieg,11,67,1,11
sandauhafen,8,0,6,62
sandauhafen,8,1,9,66
sandauhafen,8,2,8,61
sandauhafen,8,3,6,62
sandauhafen,8,4,8,75
sandauhafen,8,5,7,43
sandauhafen,8,6,6,48
sandauhafen,8,7,6,50
sandauhafen,8,8,8,65
sandauhafen,8,9,7,63
sandauhafen,8,10,7,66
sandauhafen,8,11,10,87
sandauhafen,8,12,9,64
sandauhafen,8,13,7,59
sandauhafen,8,14,5,43
sandauhafen,8,15,9,76
sandauhafen,8,16,9,76
sandauhafen,8,17,6,54
sandauhafen,8,18,8,68
sandauhafen,8,19,8,60
sandauhafen,8,20,6,58
sandauhafen,8,21,5,47
sandauhafen,8,22,7,41
sandauhafen,8,23,6,45
sandauhafen,8,24,6,67
sandauhafen,8,25,9,76
sandauhafen,8,26,6,42
sandauhafen,8,27,3,29
sandauhafen,8,28,5,31
sandauhafen,8,29,7,46
sandauhafen,8,30,7,60
sandauhafen,8,31,5,62
sandauhafen,8,32,9,85
sandauhafen,8,33,10,70
sandauhafen,8,34,7,68
sandauhafen,8,35,6,45
sandauhafen,8,36,9,53
sandauhafen,8,37,7,58
sandauhafen,8,38,5,48
sandauhafen,8,39,8,67
sandauhafen,8,40,9,67
sandauhafen,8,41,6,55
sandauhafen,8,42,6,56
sandauhafen,8,43,10,75
sandauhafen,8,44,8,80
sandauhafen,8,45,5,39
sandauhafen,8,46,7,65
sandauhafen,8,47,8,72
sandauhafen,8,48,6,44
sandauhafen,8,49,7,70
sandauhafen,8,50,6,81
sandauhafen,8,51,5,39
sandauhafen,8,52,5,39
sandauhafen,8,53,9,88
sandauhafen,8,54,8,73
sandauhafen,8,55,8,69
sandauhafen,8,56,8,87
sandauhafen,8,57,7,68
sandauhafen,8,58,6,62
sandauhafen,8,59,6,50
sandauhafen,8,60,7,51
sandauhafen,8,61,5,59
sandauhafen,8,62,5,47
sandauhafen,8,63,7,73
sandauhafen,8,64,8,81
sandauhafen,8,65,7,70
sandauhafen,8,66,5,36
sandauhafen,8,67,7,63
sandauhafen,8,68,8,76
sandauhafen,8,69,7,63
sandauhafen,8,70,8,80
sandauhafen,8,71,8,74
sandauhafen,8,72,7,70
sandauhafen,8,73,6,44
sandauhafen,8,74,6,50
sandauhafen,8,75,8,78
sandauhafen,8,76,7,69
sandauhafen,8,77,7,76
sandauhafen,8,78,9,85
sandauhafen,8,79,6,66
sandauhafen,8,80,5,52
sandauhafen,8,81,8,69
sandauhafen,8,82,7,68
sandauhafen,8,83,4,35
sandauhafen,9,0,11,119
sandauhafen,9,1,10,103
sandauhafen,9,2,10,86
sandauhafen,9,3,11,92
sandauhafen,9,4,9,94
sandauhafen,9,5,7,70
sandauhafen,9,6,11,86
sandauhafen,9,7,12,111
sandauhafen,9,8,9,80
sandauhafen,9,9,8,53
sandauhafen,9,10,10,69
sandauhafen,9,11,7,60
sandauhafen,9,12,7,47
sandauhafen,9,13,10,95
sandauhafen,9,14,10,86
sandauhafen,9,15,11,88
sandauhafen,9,16,11,77
sandauhafen,9,17,11,79
sandauhafen,9,18,8,71
sandauhafen,9,19,7,40
sandauhafen,9,20,10,65
sandauhafen,9,21,9,73
sandauhafen,9,22,9,78
sandauhafen,9,23,8,60
sandauhafen,9,24,9,78
sandauhafen,9,25,9,99
sandauhafen,9,26,8,66
sandauhafen,9,27,10,84
sandauhafen,9,28,12,109
sandauhafen,9,29,9,87
sandauhafen,9,30,9,61
sandauhafen,9,31,11,97
sandauhafen,9,32,8,97
sandauhafen,9,33,6,58
sandauhafen,9,34,7,58
sandauhafen,9,35,11,110
sandauhafen,9,36,11,85
sandauhafen,9,37,9,61
sandauhafen,9,38,11,81
sandauhafen,9,39,9,82
sandauhafen,9,40,8,59
sandauhafen,9,41,10,70
sandauhafen,9,42,10,76
sandauhafen,9,43,6,51
sandauhafen,9,44,6,48
sandauhafen,9,45,5,41
sandauhafen,9,46,6,50
sandauhafen,9,47,5,46
sandauhafen,9,48,6,47
sandauhafen,9,49,10,86
sandauhafen,9,50,7,58
sandauhafen,9,51,4,32
sandauhafen,9,52,5,24
sandauhafen,9,53,5,49
sandauhafen,9,54,7,66
sandauhafen,9,55,5,39
sandauhafen,9,56,7,54
sandauhafen,9,57,9,59
sandauhafen,9,58,8,54
sandauhafen,9,59,6,71
sandauhafen,9,60,8,73
sandauhafen,9,61,6,51
sandauhafen,9,62,6,51
sandauhafen,9,63,8,80
sandauhafen,9,64,11,88
sandauhafen,9,65,7,69
sandauhafen,9,66,6,69
sandauhafen,9,67,8,82
sandauhafen,9,68,6,52
sandauhafen,9,69,8,50
sandauhafen,9,70,9,88
sandauhafen,9,71,8,77
sandauhafen,9,72,5,41
sandauhafen,9,73,7,70
sandauhafen,9,74,7,76
sandauhafen,9,75,5,47
sandauhafen,9,76,6,46
sandauhafen,9,77,9,86
sandauhafen,9,78,10,84
sandauhafen,9,79,4,24
sandauhafen,9,80,4,17
sandauhafen,9,81,4,43
sandauhafen,9,82,4,48
sandauhafen,9,83,3,23
sandauhafen,9,84,4,20
sandauhafen,9,85,5,50
sandauhafen,11,0,8,43
sandauhafen,11,1,9,51
sandauhafen,11,2,9,51
sandauhafen,11,3,8,37
sandauhafen,11,4,10,57
sandauhafen,11,5,9,56
sandauhafen,11,6,7,42
sandauhafen,11,7,9,46
sandauhafen,11,8,9,57
sandauhafen,11,9,7,64
sandauhafen,11,10,7,49
sandauhafen,11,11,9,51
sandauhafen,11,12,9,70
sandauhafen,11,13,8,58
sandauhafen,11,14,10,67
sandauhafen,11,15,8,67
sandauhafen,11,16,5,48
sandauhafen,11,17,8,88
sandauhafen,11,18,10,89
sandauhafen,11,19,7,57
sandauhafen,11,20,4,33
sandauhafen,11,21,9,68
sandauhafen,11,22,9,75
sandauhafen,11,23,7,51
sandauhafen,11,24,10,72
sandauhafen,11,25,8,54
sandauhafen,11,26,9,55
sandauhafen,11,27,8,59
sandauhafen,11,28,9,74
sandauhafen,11,29,6,48
sandauhafen,11,30,6,42
sandauhafen,11,31,8,61
sandauhafen,11,32,8,61
sandauhafen,11,33,7,55
sandauhafen,11,34,6,55
sandauhafen,11,35,5,46
sandauhafen,11,36,7,55
sandauhafen,11,37,6,45
sandauhafen,11,38,8,57
sandauhafen,11,39,7,51
sandauhafen,11,40,7,54
sandauhafen,11,41,8,59
sandauhafen,11,42,2,11
sandauhafen,11,43,4,19
sandauhafen,11,44,5,29
sandauhafen,11,45,4,35
sandauhafen,11,46,4,35
sandauhafen,11,47,7,54
sandauhafen,11,48,5,35
sandauhafen,11,49,4,35
sandauhafen,11,50,6,42
sandauhafen,11,51,4,24
sandauhafen,11,52,2,26
sandauhafen,11,53,5,46
sandauhafen,11,54,6,47
sandauhafen,11,55,3,33
sandauhafen,11,56,3,23
sandauhafen,11,57,5,43
sandauhafen,11,58,5,53
sandauhafen,11,59,3,31
sandauhafen,11,60,3,30
sandauhafen,11,61,5,30
sandauhafen,11,62,5,51
sandauhafen,11,63,5,49
sandauhafen,11,64,5,36
sandauhafen,11,65,5,49
sandauhafen,11,66,4,42
sandauhafen,11,67,4,36
sandauhafen,11,68,3,18
sandauhafen,11,69,4,34
sandauhafen,11,70,4,40
sandauhafen,11,71,5,37
sandauhafen,11,72,5,31
sandauhafen,11,73,5,41
sandauhafen,11,74,5,48
sandauhafen,11,75,4,25
sandauhafen,11,76,4,32
sandauhafen,11,77,4,40
sandauhafen,11,78,5,34
sandauhafen,11,79,4,29
sandauhafen,11,80,4,29
sandauhafen,11,81,5,46
sandauhafen,11,82,6,35
sandauhafen,11,83,5,36
seemannshoeft,8,0,11,75
seemannshoeft,8,1,10,64
seemannshoeft,8,2,11,54
seemannshoeft,8,3,14,66
seemannshoeft,8,4,16,75
seemannshoeft,8,5,12,67
seemannshoeft,8,6,13,64
seemannshoeft,8,7,11,52
seemannshoeft,8,8,13,59
seemannshoeft,8,9,17,86
seemannshoeft,8,10,16,80
seemannshoeft,8,11,10,63
seemannshoeft,8,12,9,40
seemannshoeft,8,13,13,56
seemannshoeft,8,14,11,61
seemannshoeft,8,15,13,78
seemannshoeft,8,16,13,70
seemannshoeft,8,17,12,64
seemannshoeft,8,18,10,55
seemannshoeft,8,19,10,56
seemannshoeft,8,20,15,69
seemannshoeft,8,21,10,58
seemannshoeft,8,22,7,45
seemannshoeft,8,23,15,65
seemannshoeft,8,24,16,82
seemannshoeft,8,25,14,82
seemannshoeft,8,26,10,60
seemannshoeft,8,27,10,49
seemannshoeft,8,28,9,48
seemannshoeft,8,29,11,61
seemannshoeft,8,30,14,78
seemannshoeft,8,31,13,71
seemannshoeft,8,32,11,57
seemannshoeft,8,33,7,46
seemannshoeft,8,34,10,49
seemannshoeft,8,35,12,65
seemannshoeft,8,36,15,85
seemannshoeft,8,37,13,85
seemannshoeft,8,38,11,47
seemannshoeft,8,39,11,47
seemannshoeft,8,40,12,77
seemannshoeft,8,41,15,75
seemannshoeft,8,42,12,72
seemannshoeft,8,43,12,72
seemannshoeft,8,44,14,76
seemannshoeft,8,45,18,88
seemannshoeft,8,46,16,71
seemannshoeft,8,47,14,60
seemannshoeft,8,48,15,63
seemannshoeft,8,49,15,74
seemannshoeft,8,50,15,74
seemannshoeft,8,51,14,70
seemannshoeft,8,52,19,93
seemannshoeft,8,53,18,76
seemannshoeft,8,54,15,63
seemannshoeft,8,55,15,65
seemannshoeft,8,56,20,79
seemannshoeft,8,57,16,76
seemannshoeft,8,58,14,62
seemannshoeft,8,59,18,82
seemannshoeft,8,60,15,72
seemannshoeft,8,61,14,80
seemannshoeft,8,62,14,91
seemannshoeft,8,63,14,87
seemannshoeft,8,64,15,72
seemannshoeft,8,65,15,69
seemannshoeft,8,66,19,88
seemannshoeft,8,67,18,82
seemannshoeft,8,68,16,65
seemannshoeft,8,69,17,76
seemannshoeft,8,70,15,79
seemannshoeft,8,71,15,75
seemannshoeft,8,72,15,80
seemannshoeft,8,73,16,83
seemannshoeft,8,74,16,69
seemannshoeft,8,75,15,65
seemannshoeft,8,76,14,77
seemannshoeft,8,77,13,67
seemannshoeft,8,78,11,63
seemannshoeft,8,79,13,57
seemannshoeft,8,80,16,76
seemannshoeft,8,81,16,70
seemannshoeft,8,82,14,76
seemannshoeft,8,83,11,73
seemannshoeft,9,0,19,92
seemannshoeft,9,1,17,87
seemannshoeft,9,2,23,101
seemannshoeft,9,3,24,107
seemannshoeft,9,4,20,96
seemannshoeft,9,5,18,114
seemannshoeft,9,6,15,83
seemannshoeft,9,7,16,78
seemannshoeft,9,8,15,76
seemannshoeft,9,9,21,100
seemannshoeft,9,10,19,95
seemannshoeft,9,11,18,90
seemannshoeft,9,12,18,81
seemannshoeft,9,13,18,103
seemannshoeft,9,14,17,102
seemannshoeft,9,15,17,92
seemannshoeft,9,16,19,108
seemannshoeft,9,17,17,102
seemannshoeft,9,18,14,75
seemannshoeft,9,19,14,97
seemannshoeft,9,20,19,117
seemannshoeft,9,21,17,89
seemannshoeft,9,22,17,85
seemannshoeft,9,23,19,90
seemannshoeft,9,24,20,92
seemannshoeft,9,25,19,110
seemannshoeft,9,26,18,118
seemannshoeft,9,27,14,76
seemannshoeft,9,28,12,77
seemannshoeft,9,29,9,53
seemannshoeft,9,30,18,86
seemannshoeft,9,31,21,88
seemannshoeft,9,32,15,67
seemannshoeft,9,33,13,78
seemannshoeft,9,34,18,80
seemannshoeft,9,35,20,95
seemannshoeft,9,36,18,89
seemannshoeft,9,37,20,84
seemannshoeft,9,38,20,79
seemannshoeft,9,39,17,76
seemannshoeft,9,40,17,84
seemannshoeft,9,41,20,101
seemannshoeft,9,42,18,75
seemannshoeft,9,43,24,106
seemannshoeft,9,44,20,95
seemannshoeft,9,45,19,74
seemannshoeft,9,46,19,87
seemannshoeft,9,47,15,74
seemannshoeft,9,48,11,61
seemannshoeft,9,49,18,83
seemannshoeft,9,50,22,88
seemannshoeft,9,51,16,84
seemannshoeft,9,52,15,59
seemannshoeft,9,53,17,80
seemannshoeft,9,54,23,106
seemannshoeft,9,55,20,87
seemannshoeft,9,56,15,77
seemannshoeft,9,57,17,75
seemannshoeft,9,58,16,67
seemannshoeft,9,59,16,64
seemannshoeft,9,60,19,80
seemannshoeft,9,61,15,77
seemannshoeft,9,62,14,72
seemannshoeft,9,63,18,78
seemannshoeft,9,64,20,85
seemannshoeft,9,65,15,84
seemannshoeft,9,66,19,89
seemannshoeft,9,67,20,89
seemannshoeft,9,68,13,71
seemannshoeft,9,69,13,57
seemannshoeft,9,70,15,75
seemannshoeft,9,71,16,84
seemannshoeft,9,72,13,70
seemannshoeft,9,73,16,69
seemannshoeft,9,74,19,81
seemannshoeft,9,75,18,101
seemannshoeft,9,76,17,92
seemannshoeft,9,77,15,85
seemannshoeft,9,78,18,89
seemannshoeft,9,79,13,70
seemannshoeft,9,80,18,80
seemannshoeft,9,81,22,102
seemannshoeft,9,82,14,78
seemannshoeft,9,83,14,65
seemannshoeft,11,0,22,105
seemannshoeft,11,1,18,89
seemannshoeft,11,2,24,101
seemannshoeft,11,3,23,107
seemannshoeft,11,4,16,85
seemannshoeft,11,5,18,86
seemannshoeft,11,6,16,82
seemannshoeft,11,7,18,69
seemannshoeft,11,8,17,78
seemannshoeft,11,9,22,96
seemannshoeft,11,10,23,113
seemannshoeft,11,11,19,90
seemannshoeft,11,12,16,78
seemannshoeft,11,13,20,83
seemannshoeft,11,14,20,88
seemannshoeft,11,15,18,90
seemannshoeft,11,16,18,85
seemannshoeft,11,17,18,92
seemannshoeft,11,18,19,89
seemannshoeft,11,19,18,96
seemannshoeft,11,20,19,94
seemannshoeft,11,21,20,77
seemannshoeft,11,22,16,86
seemannshoeft,11,23,24,102
seemannshoeft,11,24,22,103
seemannshoeft,11,25,14,78
seemannshoeft,11,26,19,101
seemannshoeft,11,27,18,93
seemannshoeft,11,28,16,90
seemannshoeft,11,29,16,84
seemannshoeft,11,30,21,103
seemannshoeft,11,31,21,104
seemannshoeft,11,32,17,74
seemannshoeft,11,33,15,82
seemannshoeft,11,34,22,91
seemannshoeft,11,35,19,113
seemannshoeft,11,36,14,97
seemannshoeft,11,37,21,103
seemannshoeft,11,38,19,95
seemannshoeft,11,39,17,82
seemannshoeft,11,40,17,90
seemannshoeft,11,41,17,87
seemannshoeft,11,42,16,84
seemannshoeft,11,43,19,117
seemannshoeft,11,44,20,101
seemannshoeft,11,45,18,89
seemannshoeft,11,46,16,88
seemannshoeft,11,47,14,94
seemannshoeft,11,48,11,66
seemannshoeft,11,49,15,82
seemannshoeft,11,50,21,118
seemannshoeft,11,51,17,88
seemannshoeft,11,52,14,78
seemannshoeft,11,53,18,91
seemannshoeft,11,54,16,70
seemannshoeft,11,55,15,73
seemannshoeft,11,56,17,95
seemannshoeft,11,57,16,101
seemannshoeft,11,58,15,62
seemannshoeft,11,59,15,75
seemannshoeft,11,60,19,112
seemannshoeft,11,61,16,87
seemannshoeft,11,62,18,94
seemannshoeft,11,63,16,84
seemannshoeft,11,64,15,110
seemannshoeft,11,65,15,83
seemannshoeft,11,66,16,67
seemannshoeft,11,67,14,83
seemannshoeft,11,68,11,67
seemannshoeft,11,69,12,70
seemannshoeft,11,70,16,76
seemannshoeft,11,71,19,108
seemannshoeft,11,72,14,88
seemannshoeft,11,73,14,76
seemannshoeft,11,74,16,92
seemannshoeft,11,75,15,83
seemannshoeft,11,76,13,82
seemannshoeft,11,77,18,98
seemannshoeft,11,78,17,94
seemannshoeft,11,79,14,61
seemannshoeft,11,80,15,83
seemannshoeft,11,81,19,103
seemannshoeft,11,82,18,97
seemannshoeft,11,83,16,85
