station,hour,scan,VP,FP,FN,n_plots,n_gt
altona,09,0,25,93,4,118,29
altona,09,1,21,97,3,118,24
altona,09,2,20,58,3,78,23
altona,09,3,18,76,5,94,23
altona,09,4,19,94,5,113,24
altona,09,5,25,100,4,125,29
altona,09,6,21,93,4,114,25
altona,09,7,20,72,3,92,23
altona,09,8,22,88,5,110,27
altona,09,9,25,73,4,98,29
altona,09,10,23,68,2,91,25
altona,09,11,22,71,3,93,25
altona,09,12,21,93,4,114,25
altona,09,13,23,98,5,121,28
altona,09,14,20,93,5,113,25
altona,09,15,21,84,5,105,26
altona,09,16,19,81,3,100,22
altona,09,17,22,105,4,127,26
altona,09,18,20,89,5,109,25
altona,09,19,18,77,7,95,25
altona,09,20,18,83,6,101,24
altona,09,21,20,92,5,112,25
altona,09,22,20,98,6,118,26
altona,09,23,19,75,3,94,22
altona,09,24,18,89,5,107,23
altona,09,25,22,102,5,124,27
altona,09,26,23,96,8,119,31
altona,09,27,18,64,6,82,24
altona,09,28,18,70,3,88,21
altona,09,29,20,83,3,103,23
altona,09,30,22,81,3,103,25
altona,09,31,21,83,3,104,24
altona,09,32,23,87,1,110,24
altona,09,33,20,94,3,114,23
altona,09,34,24,81,3,105,27
altona,09,35,22,78,4,100,26
altona,09,36,25,78,2,103,27
altona,09,37,21,79,3,100,24
altona,09,38,24,107,4,131,28
altona,09,39,17,85,3,102,20
altona,09,40,21,98,2,119,23
altona,09,41,20,84,3,104,23
altona,09,42,21,83,5,104,26
altona,09,43,23,77,2,100,25
altona,09,44,22,64,2,86,24
altona,09,45,22,73,2,95,24
altona,09,46,22,78,3,100,25
altona,09,47,21,91,5,112,26
altona,09,48,19,73,3,92,22
altona,09,49,19,64,2,83,21
altona,09,50,23,85,4,108,27
altona,09,51,21,76,4,97,25
altona,09,52,20,91,4,111,24
altona,09,53,19,79,2,98,21
altona,09,54,17,62,1,79,18
altona,09,55,20,78,4,98,24
altona,09,56,21,84,4,105,25
altona,09,57,22,88,2,110,24
altona,09,58,16,66,0,82,16
altona,09,59,22,93,4,115,26
altona,09,60,23,80,4,103,27
altona,09,61,23,79,2,102,25
altona,09,62,18,64,0,82,18
altona,09,63,22,83,1,105,23
altona,09,64,21,92,4,113,25
altona,09,65,18,85,3,103,21
altona,09,66,17,66,1,83,18
altona,09,67,25,83,2,108,27
altona,09,68,25,97,5,122,30
altona,09,69,24,95,5,119,29
altona,09,70,21,76,0,97,21
altona,09,71,19,66,2,85,21
altona,09,72,19,76,5,95,24
altona,09,73,20,75,3,95,23
altona,09,74,21,86,2,107,23
altona,09,75,22,78,0,100,22
altona,09,76,25,95,3,120,28
altona,09,77,19,96,3,115,22
altona,09,78,20,79,1,99,21
altona,09,79,13,47,1,60,14
altona,09,80,21,93,4,114,25
altona,09,81,22,101,4,123,26
altona,09,82,24,96,2,120,26
altona,09,83,18,81,1,99,19
altona,09,84,20,84,3,104,23
altona,09,85,17,80,4,97,21
altona,09,86,18,70,1,88,19
altona,09,87,19,63,0,82,19
altona,09,88,22,81,1,103,23
altona,09,89,20,103,3,123,23
altona,09,90,15,81,2,96,17
altona,09,91,15,84,1,99,16
altona,09,92,17,90,2,107,19
altona,09,93,24,99,3,123,27
altona,09,94,24,76,1,100,25
altona,09,95,23,85,1,108,24
altona,09,96,19,75,0,94,19
altona,09,97,24,94,2,118,26
altona,09,98,23,99,1,122,24
altona,09,99,22,90,0,112,22
altona,09,100,19,65,0,84,19
altona,09,101,20,84,1,104,21
altona,11,0,15,80,3,95,18
altona,11,1,15,89,3,104,18
altona,11,2,17,63,3,80,20
altona,11,3,13,52,1,65,14
altona,11,4,15,65,2,80,17
altona,11,5,14,85,4,99,18
altona,11,6,20,58,1,78,21
altona,11,7,15,50,1,65,16
altona,11,8,17,56,2,73,19
altona,11,9,13,71,4,84,17
altona,11,10,12,76,2,88,14
altona,11,11,19,62,0,81,19
altona,11,12,17,62,1,79,18
altona,11,13,19,83,3,102,22
altona,11,14,17,74,4,91,21
altona,11,15,21,72,2,93,23
altona,11,16,16,52,1,68,17
altona,11,17,20,63,1,83,21
altona,11,18,16,68,3,84,19
altona,11,19,16,59,2,75,18
altona,11,20,14,48,2,62,16
altona,11,21,17,61,2,78,19
altona,11,22,14,76,3,90,17
altona,11,23,16,49,2,65,18
altona,11,24,13,60,2,73,15
altona,11,25,17,65,2,82,19
altona,11,26,19,94,3,113,22
altona,11,27,20,60,3,80,23
altona,11,28,16,55,2,71,18
altona,11,29,15,60,3,75,18
altona,11,30,14,68,3,82,17
altona,11,31,15,72,4,87,19
altona,11,32,16,55,1,71,17
altona,11,33,18,74,3,92,21
altona,11,34,15,70,5,85,20
altona,11,35,14,66,4,80,18
altona,11,36,19,64,1,83,20
altona,11,37,16,68,2,84,18
altona,11,38,19,74,3,93,22
altona,11,39,18,64,4,82,22
altona,11,40,21,69,2,90,23
altona,11,41,17,65,1,82,18
altona,11,42,17,63,5,80,22
altona,11,43,15,62,6,77,21
altona,11,44,18,58,4,76,22
altona,11,45,15,47,2,62,17
altona,11,46,17,60,3,77,20
altona,11,47,14,63,4,77,18
altona,11,48,17,53,2,70,19
altona,11,49,16,47,0,63,16
altona,11,50,16,78,1,94,17
altona,11,51,20,85,2,105,22
altona,11,52,21,96,2,117,23
altona,11,53,18,82,0,100,18
altona,11,54,15,59,1,74,16
altona,11,55,17,83,1,100,18
altona,11,56,22,87,0,109,22
altona,11,57,21,94,0,115,21
altona,11,58,20,84,0,104,20
altona,11,59,18,73,1,91,19
altona,11,60,20,69,0,89,20
altona,11,61,20,70,0,90,20
altona,11,62,18,69,0,87,18
altona,11,63,18,62,1,80,19
altona,11,64,19,81,1,100,20
altona,11,65,20,88,0,108,20
altona,11,66,24,99,1,123,25
altona,11,67,19,74,1,93,20
altona,11,68,20,72,0,92,20
altona,11,69,18,64,0,82,18
altona,11,70,17,71,2,88,19
altona,11,71,18,78,1,96,19
altona,11,72,19,85,1,104,20
altona,11,73,21,76,0,97,21
altona,11,74,16,73,1,89,17
altona,11,75,19,80,1,99,20
altona,11,76,18,86,2,104,20
altona,11,77,20,65,1,85,21
altona,11,78,15,49,0,64,15
altona,11,79,17,61,0,78,17
altona,11,80,16,74,0,90,16
altona,11,81,17,54,0,71,17
altona,11,82,15,68,1,83,16
altona,11,83,15,63,1,78,16
altona,11,84,15,73,0,88,15
altona,11,85,21,82,0,103,21
altona,11,86,17,66,0,83,17
altona,11,87,16,64,0,80,16
altona,11,88,17,58,0,75,17
altona,11,89,18,77,0,95,18
altona,11,90,14,65,0,79,14
altona,11,91,15,58,0,73,15
altona,11,92,17,71,0,88,17
altona,11,93,20,85,0,105,20
altona,11,94,18,63,0,81,18
altona,11,95,18,63,0,81,18
altona,11,96,17,83,0,100,17
altona,11,97,17,77,0,94,17
altona,11,98,15,70,0,85,15
altona,11,99,16,64,0,80,16
amerikahoeft,09,0,11,74,1,85,12
amerikahoeft,09,1,14,94,0,108,14
amerikahoeft,09,2,12,103,1,115,13
amerikahoeft,09,3,14,86,0,100,14
amerikahoeft,09,4,17,98,0,115,17
amerikahoeft,09,5,15,118,0,133,15
amerikahoeft,09,6,15,99,0,114,15
amerikahoeft,09,7,14,89,0,103,14
amerikahoeft,09,8,15,101,0,116,15
amerikahoeft,09,9,12,101,0,113,12
amerikahoeft,09,10,11,67,0,78,11
amerikahoeft,09,11,14,103,0,117,14
amerikahoeft,09,12,15,110,0,125,15
amerikahoeft,09,13,15,111,0,126,15
amerikahoeft,09,14,16,148,0,164,16
amerikahoeft,09,15,16,134,0,150,16
amerikahoeft,09,16,10,80,0,90,10
amerikahoeft,09,17,14,75,0,89,14
amerikahoeft,09,18,19,145,0,164,19
amerikahoeft,09,19,10,115,0,125,10
amerikahoeft,09,20,8,113,0,121,8
amerikahoeft,09,21,13,109,0,122,13
amerikahoeft,09,22,16,108,0,124,16
amerikahoeft,09,23,12,120,0,132,12
amerikahoeft,09,24,15,117,0,132,15
amerikahoeft,09,25,16,118,0,134,16
amerikahoeft,09,26,12,122,0,134,12
amerikahoeft,09,27,17,127,0,144,17
amerikahoeft,09,28,16,94,0,110,16
amerikahoeft,09,29,12,97,0,109,12
amerikahoeft,09,30,13,124,0,137,13
amerikahoeft,09,31,16,104,0,120,16
amerikahoeft,09,32,12,96,0,108,12
amerikahoeft,09,33,10,90,0,100,10
amerikahoeft,09,34,12,80,0,92,12
amerikahoeft,09,35,11,85,1,96,12
amerikahoeft,09,36,12,92,1,104,13
amerikahoeft,09,37,11,111,0,122,11
amerikahoeft,09,38,15,127,1,142,16
amerikahoeft,09,39,15,97,0,112,15
amerikahoeft,09,40,7,87,0,94,7
amerikahoeft,09,41,10,98,0,108,10
amerikahoeft,09,42,14,129,1,143,15
amerikahoeft,09,43,13,86,1,99,14
amerikahoeft,09,44,15,100,0,115,15
amerikahoeft,09,45,15,99,1,114,16
amerikahoeft,09,46,13,93,1,106,14
amerikahoeft,09,47,9,98,0,107,9
amerikahoeft,09,48,11,99,1,110,12
amerikahoeft,09,49,12,105,1,117,13
amerikahoeft,09,50,14,115,0,129,14
amerikahoeft,09,51,11,90,1,101,12
amerikahoeft,09,52,15,142,1,157,16
amerikahoeft,09,53,18,153,0,171,18
amerikahoeft,09,54,11,96,0,107,11
amerikahoeft,09,55,10,107,1,117,11
amerikahoeft,09,56,11,118,1,129,12
amerikahoeft,09,57,14,110,0,124,14
amerikahoeft,09,58,15,111,0,126,15
amerikahoeft,09,59,15,114,0,129,15
amerikahoeft,09,60,15,119,0,134,15
amerikahoeft,09,61,12,105,0,117,12
amerikahoeft,09,62,14,112,1,126,15
amerikahoeft,09,63,13,113,1,126,14
amerikahoeft,09,64,12,102,0,114,12
amerikahoeft,09,65,18,118,1,136,19
amerikahoeft,09,66,17,123,1,140,18
amerikahoeft,09,67,13,98,0,111,13
amerikahoeft,09,68,10,111,0,121,10
amerikahoeft,09,69,15,122,1,137,16
amerikahoeft,09,70,18,133,1,151,19
amerikahoeft,09,71,14,100,0,114,14
amerikahoeft,09,72,12,95,1,107,13
amerikahoeft,09,73,14,88,1,102,15
amerikahoeft,09,74,14,96,0,110,14
amerikahoeft,09,75,10,78,0,88,10
amerikahoeft,09,76,11,119,0,130,11
amerikahoeft,09,77,11,122,0,133,11
amerikahoeft,09,78,8,72,0,80,8
amerikahoeft,09,79,8,82,0,90,8
amerikahoeft,09,80,11,89,0,100,11
amerikahoeft,09,81,9,72,0,81,9
amerikahoeft,09,82,6,50,0,56,6
amerikahoeft,09,83,13,110,0,123,13
amerikahoeft,11,0,20,100,0,120,20
amerikahoeft,11,1,18,128,0,146,18
amerikahoeft,11,2,19,122,0,141,19
amerikahoeft,11,3,18,77,0,95,18
amerikahoeft,11,4,18,115,0,133,18
amerikahoeft,11,5,14,106,0,120,14
amerikahoeft,11,6,19,113,0,132,19
amerikahoeft,11,7,21,119,0,140,21
amerikahoeft,11,8,19,100,0,119,19
amerikahoeft,11,9,22,114,0,136,22
amerikahoeft,11,10,24,133,0,157,24
amerikahoeft,11,11,16,107,0,123,16
amerikahoeft,11,12,17,116,0,133,17
amerikahoeft,11,13,22,114,0,136,22
amerikahoeft,11,14,21,141,0,162,21
amerikahoeft,11,15,18,112,0,130,18
amerikahoeft,11,16,18,107,0,125,18
amerikahoeft,11,17,19,94,0,113,19
amerikahoeft,11,18,20,138,0,158,20
amerikahoeft,11,19,18,134,0,152,18
amerikahoeft,11,20,17,101,0,118,17
amerikahoeft,11,21,13,96,0,109,13
amerikahoeft,11,22,16,111,0,127,16
amerikahoeft,11,23,23,162,0,185,23
amerikahoeft,11,24,18,126,0,144,18
amerikahoeft,11,25,13,110,0,123,13
amerikahoeft,11,26,16,141,0,157,16
amerikahoeft,11,27,20,114,0,134,20
amerikahoeft,11,28,17,90,0,107,17
amerikahoeft,11,29,16,98,0,114,16
amerikahoeft,11,30,18,88,0,106,18
amerikahoeft,11,31,17,100,0,117,17
amerikahoeft,11,32,15,110,0,125,15
amerikahoeft,11,33,17,115,0,132,17
amerikahoeft,11,34,22,147,0,169,22
amerikahoeft,11,35,19,148,0,167,19
amerikahoeft,11,36,17,101,0,118,17
amerikahoeft,11,37,17,95,0,112,17
amerikahoeft,11,38,16,112,0,128,16
amerikahoeft,11,39,18,139,0,157,18
amerikahoeft,11,40,15,119,1,134,16
amerikahoeft,11,41,13,89,1,102,14
amerikahoeft,11,42,14,90,0,104,14
amerikahoeft,11,43,16,88,0,104,16
amerikahoeft,11,44,16,89,0,105,16
amerikahoeft,11,45,17,99,0,116,17
amerikahoeft,11,46,17,107,0,124,17
amerikahoeft,11,47,16,72,0,88,16
amerikahoeft,11,48,16,61,0,77,16
amerikahoeft,11,49,11,53,0,64,11
amerikahoeft,11,50,18,76,0,94,18
amerikahoeft,11,51,22,103,0,125,22
amerikahoeft,11,52,17,95,0,112,17
amerikahoeft,11,53,19,82,1,101,20
amerikahoeft,11,54,20,73,0,93,20
amerikahoeft,11,55,12,76,0,88,12
amerikahoeft,11,56,14,119,0,133,14
amerikahoeft,11,57,20,105,0,125,20
amerikahoeft,11,58,17,95,0,112,17
amerikahoeft,11,59,12,106,0,118,12
amerikahoeft,11,60,17,99,1,116,18
amerikahoeft,11,61,11,63,1,74,12
amerikahoeft,11,62,9,96,0,105,9
amerikahoeft,11,63,16,107,0,123,16
amerikahoeft,11,64,19,124,0,143,19
amerikahoeft,11,65,14,115,0,129,14
amerikahoeft,11,66,10,71,0,81,10
amerikahoeft,11,67,9,58,0,67,9
amerikahoeft,11,68,9,49,0,58,9
amerikahoeft,11,69,12,71,1,83,13
amerikahoeft,11,70,20,91,1,111,21
amerikahoeft,11,71,18,95,1,113,19
amerikahoeft,11,72,11,65,1,76,12
amerikahoeft,11,73,13,69,0,82,13
amerikahoeft,11,74,12,47,0,59,12
amerikahoeft,11,75,10,63,0,73,10
amerikahoeft,11,76,11,100,0,111,11
amerikahoeft,11,77,16,99,1,115,17
amerikahoeft,11,78,16,51,0,67,16
amerikahoeft,11,79,13,68,0,81,13
amerikahoeft,11,80,18,80,0,98,18
amerikahoeft,11,81,16,55,0,71,16
amerikahoeft,11,82,17,76,1,93,18
amerikahoeft,11,83,15,94,0,109,15
ellerholzhoeft,09,0,8,72,4,80,12
ellerholzhoeft,09,1,7,48,6,55,13
ellerholzhoeft,09,2,7,42,6,49,13
ellerholzhoeft,09,3,7,46,4,53,11
ellerholzhoeft,09,4,3,29,3,32,6
ellerholzhoeft,09,5,4,48,5,52,9
ellerholzhoeft,09,6,5,37,5,42,10
ellerholzhoeft,09,7,3,36,3,39,6
ellerholzhoeft,09,8,4,53,5,57,9
ellerholzhoeft,09,9,6,59,5,65,11
ellerholzhoeft,09,10,4,32,2,36,6
ellerholzhoeft,09,11,2,39,8,41,10
ellerholzhoeft,09,12,6,49,7,55,13
ellerholzhoeft,09,13,6,44,3,50,9
ellerholzhoeft,09,14,1,5,3,6,4
ellerholzhoeft,09,15,6,45,5,51,11
ellerholzhoeft,09,16,8,37,4,45,12
ellerholzhoeft,09,17,5,47,6,52,11
ellerholzhoeft,09,18,8,76,5,84,13
ellerholzhoeft,09,19,5,33,2,38,7
ellerholzhoeft,09,20,3,13,4,16,7
ellerholzhoeft,09,21,6,45,5,51,11
ellerholzhoeft,09,22,5,37,2,42,7
ellerholzhoeft,09,23,3,54,7,57,10
ellerholzhoeft,09,24,6,58,5,64,11
ellerholzhoeft,09,25,7,50,2,57,9
ellerholzhoeft,09,26,3,41,4,44,7
ellerholzhoeft,09,27,6,58,5,64,11
ellerholzhoeft,09,28,8,57,5,65,13
ellerholzhoeft,09,29,5,45,6,50,11
ellerholzhoeft,09,30,6,58,7,64,13
ellerholzhoeft,09,31,8,47,3,55,11
ellerholzhoeft,09,32,3,20,5,23,8
ellerholzhoeft,09,33,5,41,7,46,12
ellerholzhoeft,09,34,6,45,5,51,11
ellerholzhoeft,09,35,3,41,6,44,9
ellerholzhoeft,09,36,7,48,5,55,12
ellerholzhoeft,09,37,7,59,6,66,13
ellerholzhoeft,09,38,8,45,4,53,12
ellerholzhoeft,09,39,11,73,4,84,15
ellerholzhoeft,09,40,5,39,7,44,12
ellerholzhoeft,09,41,6,46,3,52,9
ellerholzhoeft,09,42,8,52,4,60,12
ellerholzhoeft,09,43,8,40,5,48,13
ellerholzhoeft,09,44,6,50,6,56,12
ellerholzhoeft,09,45,7,50,6,57,13
ellerholzhoeft,09,46,8,51,4,59,12
ellerholzhoeft,09,47,5,63,6,68,11
ellerholzhoeft,09,48,8,71,6,79,14
ellerholzhoeft,09,49,8,46,5,54,13
ellerholzhoeft,09,50,6,38,6,44,12
ellerholzhoeft,09,51,9,38,4,47,13
ellerholzhoeft,09,52,9,66,4,75,13
ellerholzhoeft,09,53,6,50,4,56,10
ellerholzhoeft,09,54,8,48,7,56,15
ellerholzhoeft,09,55,9,52,6,61,15
ellerholzhoeft,09,56,7,36,4,43,11
ellerholzhoeft,09,57,10,59,4,69,14
ellerholzhoeft,09,58,6,43,3,49,9
ellerholzhoeft,09,59,4,34,4,38,8
ellerholzhoeft,09,60,7,44,4,51,11
ellerholzhoeft,09,61,8,50,3,58,11
ellerholzhoeft,09,62,6,29,5,35,11
ellerholzhoeft,09,63,7,43,5,50,12
ellerholzhoeft,09,64,9,49,3,58,12
ellerholzhoeft,09,65,6,46,5,52,11
ellerholzhoeft,09,66,7,54,7,61,14
ellerholzhoeft,09,67,9,46,5,55,14
ellerholzhoeft,09,68,4,32,5,36,9
ellerholzhoeft,09,69,7,40,5,47,12
ellerholzhoeft,09,70,9,44,3,53,12
ellerholzhoeft,09,71,4,50,5,54,9
ellerholzhoeft,09,72,6,56,5,62,11
ellerholzhoeft,09,73,7,51,6,58,13
ellerholzhoeft,11,0,11,68,2,79,13
ellerholzhoeft,11,1,7,58,4,65,11
ellerholzhoeft,11,2,9,55,5,64,14
ellerholzhoeft,11,3,10,55,5,65,15
ellerholzhoeft,11,4,7,46,1,53,8
ellerholzhoeft,11,5,3,29,3,32,6
ellerholzhoeft,11,6,8,57,2,65,10
ellerholzhoeft,11,7,7,58,1,65,8
ellerholzhoeft,11,8,4,41,4,45,8
ellerholzhoeft,11,9,8,54,6,62,14
ellerholzhoeft,11,10,7,57,3,64,10
ellerholzhoeft,11,11,5,48,6,53,11
ellerholzhoeft,11,12,8,55,7,63,15
ellerholzhoeft,11,13,7,55,4,62,11
ellerholzhoeft,11,14,5,30,4,35,9
ellerholzhoeft,11,15,9,63,4,72,13
ellerholzhoeft,11,16,12,66,2,78,14
ellerholzhoeft,11,17,6,41,2,47,8
ellerholzhoeft,11,18,7,47,4,54,11
ellerholzhoeft,11,19,10,62,5,72,15
ellerholzhoeft,11,20,5,42,6,47,11
ellerholzhoeft,11,21,8,55,5,63,13
ellerholzhoeft,11,22,9,65,2,74,11
ellerholzhoeft,11,23,3,47,7,50,10
ellerholzhoeft,11,24,7,51,6,58,13
ellerholzhoeft,11,25,9,58,1,67,10
ellerholzhoeft,11,26,4,30,4,34,8
ellerholzhoeft,11,27,8,55,6,63,14
ellerholzhoeft,11,28,8,65,5,73,13
ellerholzhoeft,11,29,4,40,4,44,8
ellerholzhoeft,11,30,9,52,3,61,12
ellerholzhoeft,11,31,11,62,1,73,12
ellerholzhoeft,11,32,5,43,5,48,10
ellerholzhoeft,11,33,6,39,5,45,11
ellerholzhoeft,11,34,8,51,4,59,12
ellerholzhoeft,11,35,7,58,6,65,13
ellerholzhoeft,11,36,10,65,3,75,13
ellerholzhoeft,11,37,12,78,4,90,16
ellerholzhoeft,11,38,10,60,4,70,14
ellerholzhoeft,11,39,11,71,2,82,13
ellerholzhoeft,11,40,16,72,1,88,17
ellerholzhoeft,11,41,12,68,3,80,15
ellerholzhoeft,11,42,8,74,3,82,11
ellerholzhoeft,11,43,12,77,3,89,15
ellerholzhoeft,11,44,8,67,4,75,12
ellerholzhoeft,11,45,10,59,3,69,13
ellerholzhoeft,11,46,13,79,4,92,17
ellerholzhoeft,11,47,11,72,4,83,15
ellerholzhoeft,11,48,8,67,4,75,12
ellerholzhoeft,11,49,9,60,4,69,13
ellerholzhoeft,11,50,12,71,4,83,16
ellerholzhoeft,11,51,9,54,2,63,11
ellerholzhoeft,11,52,12,77,3,89,15
ellerholzhoeft,11,53,13,83,3,96,16
ellerholzhoeft,11,54,10,41,4,51,14
ellerholzhoeft,11,55,8,63,3,71,11
ellerholzhoeft,11,56,11,66,2,77,13
ellerholzhoeft,11,57,12,74,2,86,14
ellerholzhoeft,11,58,12,72,4,84,16
ellerholzhoeft,11,59,7,49,2,56,9
ellerholzhoeft,11,60,5,33,1,38,6
ellerholzhoeft,11,61,9,70,3,79,12
ellerholzhoeft,11,62,11,76,3,87,14
ellerholzhoeft,11,63,13,70,3,83,16
ellerholzhoeft,11,64,11,67,3,78,14
ellerholzhoeft,11,65,11,55,2,66,13
ellerholzhoeft,11,66,8,66,3,74,11
ellerholzhoeft,11,67,8,47,2,55,10
ellerholzhoeft,11,68,11,74,3,85,14
ellerholzhoeft,11,69,12,79,1,91,13
ellerholzhoeft,11,70,9,53,1,62,10
ellerholzhoeft,11,71,12,62,3,74,15
ellerholzhoeft,11,72,6,65,7,71,13
ellerholzhoeft,11,73,8,59,6,67,14
hohe_schaar,09,0,1,12,0,13,1
hohe_schaar,09,1,1,10,0,11,1
hohe_schaar,09,2,1,4,0,5,1
hohe_schaar,09,3,2,12,0,14,2
hohe_schaar,09,4,1,9,0,10,1
hohe_schaar,09,5,1,6,0,7,1
hohe_schaar,09,6,1,5,0,6,1
hohe_schaar,09,7,1,10,0,11,1
hohe_schaar,09,8,1,9,0,10,1
hohe_schaar,09,9,1,9,0,10,1
hohe_schaar,09,10,1,8,0,9,1
hohe_schaar,09,11,1,8,0,9,1
hohe_schaar,09,12,1,7,0,8,1
hohe_schaar,09,13,1,9,0,10,1
hohe_schaar,09,14,1,9,0,10,1
hohe_schaar,09,15,1,12,1,13,2
hohe_schaar,09,16,1,11,1,12,2
hohe_schaar,09,17,1,10,0,11,1
hohe_schaar,09,18,1,11,0,12,1
hohe_schaar,09,19,1,11,0,12,1
hohe_schaar,09,20,1,10,0,11,1
hohe_schaar,09,21,1,9,0,10,1
hohe_schaar,09,22,1,8,0,9,1
hohe_schaar,09,23,2,12,0,14,2
hohe_schaar,09,24,2,13,0,15,2
hohe_schaar,09,25,1,5,0,6,1
hohe_schaar,09,26,1,5,0,6,1
hohe_schaar,09,27,1,1,0,2,1
hohe_schaar,09,28,1,2,0,3,1
hohe_schaar,09,29,1,2,0,3,1
hohe_schaar,09,30,1,3,0,4,1
hohe_schaar,09,31,1,2,0,3,1
hohe_schaar,09,32,1,3,0,4,1
hohe_schaar,09,33,1,3,0,4,1
hohe_schaar,09,34,1,3,0,4,1
hohe_schaar,09,35,1,4,0,5,1
hohe_schaar,09,36,1,4,0,5,1
hohe_schaar,09,37,2,11,0,13,2
hohe_schaar,09,38,2,12,0,14,2
hohe_schaar,09,39,1,5,0,6,1
hohe_schaar,09,40,1,7,0,8,1
hohe_schaar,11,0,1,5,0,6,1
hohe_schaar,11,1,1,5,0,6,1
hohe_schaar,11,2,1,1,0,2,1
hohe_schaar,11,3,1,1,0,2,1
hohe_schaar,11,4,1,1,0,2,1
hohe_schaar,11,5,1,1,0,2,1
hohe_schaar,11,6,1,1,0,2,1
hohe_schaar,11,7,1,1,0,2,1
hohe_schaar,11,8,0,2,1,2,1
hohe_schaar,11,9,1,3,1,4,2
hohe_schaar,11,10,1,1,0,2,1
hohe_schaar,11,11,2,4,0,6,2
hohe_schaar,11,12,2,4,0,6,2
hohe_schaar,11,13,1,2,0,3,1
hohe_schaar,11,14,0,3,1,3,1
hohe_schaar,11,15,2,15,0,17,2
hohe_schaar,11,16,2,19,1,21,3
hohe_schaar,11,17,1,4,2,5,3
hohe_schaar,11,18,2,14,1,16,3
hohe_schaar,11,19,1,11,0,12,1
hohe_schaar,11,20,1,1,1,2,2
hohe_schaar,11,21,1,1,1,2,2
hohe_schaar,11,22,2,15,0,17,2
hohe_schaar,11,23,2,15,1,17,3
hohe_schaar,11,24,1,1,0,2,1
hohe_schaar,11,25,2,15,0,17,2
hohe_schaar,11,26,2,16,0,18,2
hohe_schaar,11,27,1,1,1,2,2
hohe_schaar,11,28,2,15,1,17,3
hohe_schaar,11,29,2,15,0,17,2
hohe_schaar,11,30,1,1,0,2,1
hohe_schaar,11,31,1,12,0,13,1
hohe_schaar,11,32,1,12,0,13,1
hohe_schaar,11,33,1,1,1,2,2
hohe_schaar,11,34,2,16,1,18,3
hohe_schaar,11,35,1,12,0,13,1
hohe_schaar,11,36,1,1,0,2,1
hohe_schaar,11,37,1,2,0,3,1
hohe_schaar,11,38,1,1,1,2,2
hohe_schaar,11,39,1,1,1,2,2
hohe_schaar,11,40,1,15,0,16,1
hohe_schaar,11,41,2,12,0,14,2
hohe_schaar,11,42,1,1,0,2,1
hohe_schaar,11,43,1,12,0,13,1
hohe_schaar,11,44,2,11,0,13,2
hohe_schaar,11,45,1,1,0,2,1
hohe_schaar,11,46,1,1,0,2,1
hohe_schaar,11,47,1,1,1,2,2
hohe_schaar,11,48,2,17,0,19,2
hohe_schaar,11,49,2,19,0,21,2
kattwyk,09,0,5,40,6,45,11
kattwyk,09,1,6,40,5,46,11
kattwyk,09,2,8,32,3,40,11
kattwyk,09,3,7,38,4,45,11
kattwyk,09,4,4,27,5,31,9
kattwyk,09,5,4,22,3,26,7
kattwyk,09,6,8,44,3,52,11
kattwyk,09,7,7,45,6,52,13
kattwyk,09,8,6,32,4,38,10
kattwyk,09,9,5,42,4,47,9
kattwyk,09,10,4,37,6,41,10
kattwyk,09,11,5,33,3,38,8
kattwyk,09,12,8,40,0,48,8
kattwyk,09,13,6,41,4,47,10
kattwyk,09,14,7,35,4,42,11
kattwyk,09,15,8,61,4,69,12
kattwyk,09,16,8,46,4,54,12
kattwyk,09,17,6,33,3,39,9
kattwyk,09,18,9,53,3,62,12
kattwyk,09,19,9,51,2,60,11
kattwyk,09,20,6,26,3,32,9
kattwyk,09,21,7,34,3,41,10
kattwyk,09,22,7,49,4,56,11
kattwyk,09,23,9,36,4,45,13
kattwyk,09,24,7,39,2,46,9
kattwyk,09,25,5,49,5,54,10
kattwyk,09,26,5,30,5,35,10
kattwyk,09,27,7,26,2,33,9
kattwyk,09,28,9,48,4,57,13
kattwyk,09,29,7,52,6,59,13
kattwyk,09,30,5,28,6,33,11
kattwyk,09,31,5,44,5,49,10
kattwyk,09,32,5,38,4,43,9
kattwyk,09,33,5,23,4,28,9
kattwyk,09,34,6,32,4,38,10
kattwyk,09,35,8,42,5,50,13
kattwyk,09,36,7,42,3,49,10
kattwyk,09,37,4,23,6,27,10
kattwyk,09,38,4,20,6,24,10
kattwyk,09,39,6,38,2,44,8
kattwyk,09,40,6,39,5,45,11
kattwyk,09,41,6,35,4,41,10
kattwyk,09,42,3,21,3,24,6
kattwyk,09,43,5,30,3,35,8
kattwyk,09,44,4,27,2,31,6
kattwyk,09,45,3,14,2,17,5
kattwyk,09,46,4,27,2,31,6
kattwyk,09,47,3,22,3,25,6
kattwyk,09,48,7,31,3,38,10
kattwyk,09,49,6,20,2,26,8
kattwyk,09,50,4,25,1,29,5
kattwyk,09,51,3,27,3,30,6
kattwyk,09,52,4,21,4,25,8
kattwyk,09,53,5,29,3,34,8
kattwyk,09,54,2,19,3,21,5
kattwyk,09,55,4,25,4,29,8
kattwyk,09,56,6,31,4,37,10
kattwyk,09,57,4,22,2,26,6
kattwyk,09,58,4,28,4,32,8
kattwyk,09,59,4,23,5,27,9
kattwyk,09,60,1,15,3,16,4
kattwyk,09,61,3,28,4,31,7
kattwyk,09,62,6,29,4,35,10
kattwyk,09,63,5,32,4,37,9
kattwyk,09,64,3,12,2,15,5
kattwyk,09,65,3,20,4,23,7
kattwyk,09,66,4,21,5,25,9
kattwyk,09,67,4,30,3,34,7
kattwyk,09,68,4,25,4,29,8
kattwyk,09,69,3,23,5,26,8
kattwyk,09,70,4,21,2,25,6
kattwyk,09,71,4,22,2,26,6
kattwyk,09,72,5,26,3,31,8
kattwyk,09,73,6,19,3,25,9
kattwyk,09,74,4,12,2,16,6
kattwyk,09,75,6,36,3,42,9
kattwyk,09,76,6,31,4,37,10
kattwyk,09,77,3,18,2,21,5
kattwyk,09,78,3,18,2,21,5
kattwyk,09,79,2,12,2,14,4
kattwyk,09,80,3,13,2,16,5
kattwyk,09,81,2,13,2,15,4
kattwyk,09,82,3,20,2,23,5
kattwyk,09,83,3,19,2,22,5
kattwyk,11,0,5,26,2,31,7
kattwyk,11,1,3,12,6,15,9
kattwyk,11,2,5,26,4,31,9
kattwyk,11,3,6,25,0,31,6
kattwyk,11,4,3,18,5,21,8
kattwyk,11,5,3,23,5,26,8
kattwyk,11,6,3,19,3,22,6
kattwyk,11,7,6,22,2,28,8
kattwyk,11,8,3,16,5,19,8
kattwyk,11,9,3,25,4,28,7
kattwyk,11,10,5,22,1,27,6
kattwyk,11,11,4,22,4,26,8
kattwyk,11,12,5,31,5,36,10
kattwyk,11,13,6,23,1,29,7
kattwyk,11,14,5,18,2,23,7
kattwyk,11,15,5,23,4,28,9
kattwyk,11,16,7,32,3,39,10
kattwyk,11,17,7,32,1,39,8
kattwyk,11,18,4,29,5,33,9
kattwyk,11,19,9,50,2,59,11
kattwyk,11,20,4,28,2,32,6
kattwyk,11,21,4,25,3,29,7
kattwyk,11,22,7,33,3,40,10
kattwyk,11,23,6,30,3,36,9
kattwyk,11,24,4,19,3,23,7
kattwyk,11,25,5,22,2,27,7
kattwyk,11,26,5,21,3,26,8
kattwyk,11,27,4,20,4,24,8
kattwyk,11,28,6,23,4,29,10
kattwyk,11,29,4,18,4,22,8
kattwyk,11,30,2,15,4,17,6
kattwyk,11,31,2,13,3,15,5
kattwyk,11,32,5,20,3,25,8
kattwyk,11,33,7,24,3,31,10
kattwyk,11,34,5,21,3,26,8
kattwyk,11,35,4,13,3,17,7
kattwyk,11,36,6,16,1,22,7
kattwyk,11,37,6,22,2,28,8
kattwyk,11,38,3,14,3,17,6
kattwyk,11,39,5,17,3,22,8
kattwyk,11,40,6,16,2,22,8
kattwyk,11,41,5,22,3,27,8
kattwyk,11,42,5,20,3,25,8
kattwyk,11,43,4,8,0,12,4
kattwyk,11,44,4,11,1,15,5
kattwyk,11,45,5,19,1,24,6
kattwyk,11,46,4,14,1,18,5
kattwyk,11,47,6,23,1,29,7
kattwyk,11,48,6,18,2,24,8
kattwyk,11,49,6,19,1,25,7
kattwyk,11,50,5,20,1,25,6
kattwyk,11,51,4,16,2,20,6
kattwyk,11,52,3,10,1,13,4
kattwyk,11,53,1,7,1,8,2
kattwyk,11,54,4,16,1,20,5
kattwyk,11,55,5,17,2,22,7
kattwyk,11,56,3,18,2,21,5
kattwyk,11,57,3,9,0,12,3
kattwyk,11,58,4,14,1,18,5
kattwyk,11,59,6,28,1,34,7
kattwyk,11,60,3,15,0,18,3
kattwyk,11,61,5,21,1,26,6
kattwyk,11,62,4,20,2,24,6
kattwyk,11,63,1,8,3,9,4
kattwyk,11,64,3,13,3,16,6
kattwyk,11,65,4,10,2,14,6
kattwyk,11,66,4,17,2,21,6
kattwyk,11,67,4,15,1,19,5
kattwyk,11,68,4,18,1,22,5
kattwyk,11,69,3,17,3,20,6
kattwyk,11,70,3,14,2,17,5
kattwyk,11,71,3,11,1,14,4
kattwyk,11,72,5,17,2,22,7
kattwyk,11,73,4,13,1,17,5
kattwyk,11,74,2,16,2,18,4
kattwyk,11,75,5,18,1,23,6
kattwyk,11,76,4,16,2,20,6
kattwyk,11,77,2,13,1,15,3
kattwyk,11,78,4,12,1,16,5
kattwyk,11,79,4,11,2,15,6
kattwyk,11,80,5,14,1,19,6
kattwyk,11,81,3,14,1,17,4
kattwyk,11,82,4,13,1,17,5
kattwyk,11,83,5,17,2,22,7
kattwyk,11,84,4,12,1,16,5
kattwyk,11,85,4,13,1,17,5
koehlbrandhoeft,09,0,21,59,9,80,30
koehlbrandhoeft,09,1,20,54,7,74,27
koehlbrandhoeft,09,2,13,32,12,45,25
koehlbrandhoeft,09,3,15,47,12,62,27
koehlbrandhoeft,09,4,22,53,10,75,32
koehlbrandhoeft,09,5,19,45,12,64,31
koehlbrandhoeft,09,6,19,45,10,64,29
koehlbrandhoeft,09,7,21,40,12,61,33
koehlbrandhoeft,09,8,21,39,9,60,30
koehlbrandhoeft,09,9,16,47,16,63,32
koehlbrandhoeft,09,10,19,57,13,76,32
koehlbrandhoeft,09,11,21,52,11,73,32
koehlbrandhoeft,09,12,15,47,16,62,31
koehlbrandhoeft,09,13,12,47,11,59,23
koehlbrandhoeft,09,14,14,44,11,58,25
koehlbrandhoeft,09,15,17,34,16,51,33
koehlbrandhoeft,09,16,13,44,13,57,26
koehlbrandhoeft,09,17,20,53,7,73,27
koehlbrandhoeft,09,18,19,39,10,58,29
koehlbrandhoeft,09,19,15,37,9,52,24
koehlbrandhoeft,09,20,17,42,11,59,28
koehlbrandhoeft,09,21,17,37,13,54,30
koehlbrandhoeft,09,22,17,45,12,62,29
koehlbrandhoeft,09,23,19,45,7,64,26
koehlbrandhoeft,09,24,22,41,10,63,32
koehlbrandhoeft,09,25,21,41,12,62,33
koehlbrandhoeft,09,26,19,43,6,62,25
koehlbrandhoeft,09,27,19,37,8,56,27
koehlbrandhoeft,09,28,20,39,11,59,31
koehlbrandhoeft,09,29,19,52,14,71,33
koehlbrandhoeft,09,30,22,53,11,75,33
koehlbrandhoeft,09,31,21,42,8,63,29
koehlbrandhoeft,09,32,17,39,12,56,29
koehlbrandhoeft,09,33,17,43,10,60,27
koehlbrandhoeft,09,34,18,34,7,52,25
koehlbrandhoeft,09,35,18,44,13,62,31
koehlbrandhoeft,09,36,18,48,15,66,33
koehlbrandhoeft,09,37,27,47,9,74,36
koehlbrandhoeft,09,38,24,41,11,65,35
koehlbrandhoeft,09,39,15,46,11,61,26
koehlbrandhoeft,09,40,19,52,11,71,30
koehlbrandhoeft,09,41,19,35,10,54,29
koehlbrandhoeft,09,42,15,48,12,63,27
koehlbrandhoeft,09,43,19,62,7,81,26
koehlbrandhoeft,09,44,24,64,9,88,33
koehlbrandhoeft,09,45,20,46,11,66,31
koehlbrandhoeft,09,46,17,63,9,80,26
koehlbrandhoeft,09,47,23,68,9,91,32
koehlbrandhoeft,09,48,25,57,11,82,36
koehlbrandhoeft,09,49,21,53,8,74,29
koehlbrandhoeft,09,50,25,51,6,76,31
koehlbrandhoeft,09,51,24,41,9,65,33
koehlbrandhoeft,09,52,11,50,16,61,27
koehlbrandhoeft,09,53,20,60,12,80,32
koehlbrandhoeft,09,54,20,47,12,67,32
koehlbrandhoeft,09,55,20,60,9,80,29
koehlbrandhoeft,09,56,15,57,10,72,25
koehlbrandhoeft,09,57,19,37,10,56,29
koehlbrandhoeft,09,58,21,37,11,58,32
koehlbrandhoeft,09,59,22,52,9,74,31
koehlbrandhoeft,09,60,24,57,10,81,34
koehlbrandhoeft,09,61,18,36,13,54,31
koehlbrandhoeft,09,62,17,44,9,61,26
koehlbrandhoeft,09,63,23,59,6,82,29
koehlbrandhoeft,09,64,21,36,12,57,33
koehlbrandhoeft,09,65,18,43,14,61,32
koehlbrandhoeft,09,66,17,43,11,60,28
koehlbrandhoeft,09,67,20,43,11,63,31
koehlbrandhoeft,09,68,16,32,16,48,32
koehlbrandhoeft,09,69,15,32,14,47,29
koehlbrandhoeft,09,70,25,46,8,71,33
koehlbrandhoeft,09,71,17,44,12,61,29
koehlbrandhoeft,09,72,15,36,9,51,24
koehlbrandhoeft,09,73,22,52,11,74,33
koehlbrandhoeft,09,74,21,43,12,64,33
koehlbrandhoeft,09,75,13,38,11,51,24
koehlbrandhoeft,09,76,15,36,7,51,22
koehlbrandhoeft,09,77,23,47,11,70,34
koehlbrandhoeft,09,78,16,46,13,62,29
koehlbrandhoeft,09,79,16,43,8,59,24
koehlbrandhoeft,11,0,21,59,2,80,23
koehlbrandhoeft,11,1,21,58,5,79,26
koehlbrandhoeft,11,2,18,53,7,71,25
koehlbrandhoeft,11,3,16,56,5,72,21
koehlbrandhoeft,11,4,21,71,6,92,27
koehlbrandhoeft,11,5,20,61,9,81,29
koehlbrandhoeft,11,6,20,54,7,74,27
koehlbrandhoeft,11,7,22,57,5,79,27
koehlbrandhoeft,11,8,18,66,7,84,25
koehlbrandhoeft,11,9,20,62,8,82,28
koehlbrandhoeft,11,10,22,63,6,85,28
koehlbrandhoeft,11,11,17,61,11,78,28
koehlbrandhoeft,11,12,23,70,9,93,32
koehlbrandhoeft,11,13,18,53,5,71,23
koehlbrandhoeft,11,14,18,76,8,94,26
koehlbrandhoeft,11,15,20,71,10,91,30
koehlbrandhoeft,11,16,18,56,4,74,22
koehlbrandhoeft,11,17,23,77,6,100,29
koehlbrandhoeft,11,18,19,68,12,87,31
koehlbrandhoeft,11,19,18,58,6,76,24
koehlbrandhoeft,11,20,21,68,5,89,26
koehlbrandhoeft,11,21,19,73,11,92,30
koehlbrandhoeft,11,22,22,59,8,81,30
koehlbrandhoeft,11,23,22,71,5,93,27
koehlbrandhoeft,11,24,20,63,5,83,25
koehlbrandhoeft,11,25,19,70,7,89,26
koehlbrandhoeft,11,26,20,58,6,78,26
koehlbrandhoeft,11,27,21,60,7,81,28
koehlbrandhoeft,11,28,19,65,6,84,25
koehlbrandhoeft,11,29,20,55,8,75,28
koehlbrandhoeft,11,30,24,56,5,80,29
koehlbrandhoeft,11,31,23,64,4,87,27
koehlbrandhoeft,11,32,26,66,5,92,31
koehlbrandhoeft,11,33,21,59,3,80,24
koehlbrandhoeft,11,34,19,55,4,74,23
koehlbrandhoeft,11,35,22,71,8,93,30
koehlbrandhoeft,11,36,19,59,6,78,25
koehlbrandhoeft,11,37,24,67,7,91,31
koehlbrandhoeft,11,38,20,68,10,88,30
koehlbrandhoeft,11,39,15,57,9,72,24
koehlbrandhoeft,11,40,25,90,3,115,28
koehlbrandhoeft,11,41,26,109,7,135,33
koehlbrandhoeft,11,42,27,106,4,133,31
koehlbrandhoeft,11,43,27,90,3,117,30
koehlbrandhoeft,11,44,27,103,5,130,32
koehlbrandhoeft,11,45,28,104,5,132,33
koehlbrandhoeft,11,46,26,89,6,115,32
koehlbrandhoeft,11,47,22,81,6,103,28
koehlbrandhoeft,11,48,26,111,5,137,31
koehlbrandhoeft,11,49,28,108,5,136,33
koehlbrandhoeft,11,50,27,83,5,110,32
koehlbrandhoeft,11,51,25,94,4,119,29
koehlbrandhoeft,11,52,24,100,1,124,25
koehlbrandhoeft,11,53,31,95,6,126,37
koehlbrandhoeft,11,54,27,107,8,134,35
koehlbrandhoeft,11,55,25,85,3,110,28
koehlbrandhoeft,11,56,26,81,11,107,37
koehlbrandhoeft,11,57,22,98,11,120,33
koehlbrandhoeft,11,58,26,97,2,123,28
koehlbrandhoeft,11,59,23,81,4,104,27
koehlbrandhoeft,11,60,25,93,4,118,29
koehlbrandhoeft,11,61,26,96,5,122,31
koehlbrandhoeft,11,62,22,75,3,97,25
koehlbrandhoeft,11,63,21,103,6,124,27
koehlbrandhoeft,11,64,24,102,5,126,29
koehlbrandhoeft,11,65,25,88,2,113,27
koehlbrandhoeft,11,66,26,80,3,106,29
koehlbrandhoeft,11,67,25,89,5,114,30
koehlbrandhoeft,11,68,28,106,4,134,32
koehlbrandhoeft,11,69,29,86,4,115,33
koehlbrandhoeft,11,70,30,102,9,132,39
koehlbrandhoeft,11,71,28,108,3,136,31
koehlbrandhoeft,11,72,24,96,2,120,26
koehlbrandhoeft,11,73,28,133,2,161,30
koehlbrandhoeft,11,74,24,115,4,139,28
koehlbrandhoeft,11,75,24,88,1,112,25
koehlbrandhoeft,11,76,30,85,2,115,32
koehlbrandhoeft,11,77,30,120,5,150,35
koehlbrandhoeft,11,78,27,120,5,147,32
koehlbrandhoeft,11,79,24,95,3,119,27
krusenbusch,09,0,8,41,5,49,13
krusenbusch,09,1,10,54,2,64,12
krusenbusch,09,2,7,30,3,37,10
krusenbusch,09,3,9,59,4,68,13
krusenbusch,09,4,9,51,3,60,12
krusenbusch,09,5,6,39,3,45,9
krusenbusch,09,6,10,64,4,74,14
krusenbusch,09,7,11,51,6,62,17
krusenbusch,09,8,9,40,3,49,12
krusenbusch,09,9,7,40,3,47,10
krusenbusch,09,10,8,50,3,58,11
krusenbusch,09,11,8,49,1,57,9
krusenbusch,09,12,6,24,3,30,9
krusenbusch,09,13,9,48,3,57,12
krusenbusch,09,14,11,58,5,69,16
krusenbusch,09,15,8,44,5,52,13
krusenbusch,09,16,7,34,3,41,10
krusenbusch,09,17,12,43,1,55,13
krusenbusch,09,18,11,52,2,63,13
krusenbusch,09,19,7,33,4,40,11
krusenbusch,09,20,8,43,3,51,11
krusenbusch,09,21,9,39,2,48,11
krusenbusch,09,22,8,19,1,27,9
krusenbusch,09,23,10,39,1,49,11
krusenbusch,09,24,11,46,1,57,12
krusenbusch,09,25,8,31,2,39,10
krusenbusch,09,26,12,61,3,73,15
krusenbusch,09,27,14,50,2,64,16
krusenbusch,09,28,12,49,0,61,12
krusenbusch,09,29,10,37,3,47,13
krusenbusch,09,30,9,45,4,54,13
krusenbusch,09,31,8,53,1,61,9
krusenbusch,09,32,6,29,2,35,8
krusenbusch,09,33,11,57,2,68,13
krusenbusch,09,34,13,53,2,66,15
krusenbusch,09,35,10,43,0,53,10
krusenbusch,09,36,9,42,2,51,11
krusenbusch,09,37,11,43,3,54,14
krusenbusch,09,38,10,37,1,47,11
krusenbusch,09,39,9,38,2,47,11
krusenbusch,09,40,7,38,3,45,10
krusenbusch,09,41,7,36,2,43,9
krusenbusch,09,42,7,34,1,41,8
krusenbusch,09,43,3,16,2,19,5
krusenbusch,09,44,6,25,1,31,7
krusenbusch,09,45,9,35,0,44,9
krusenbusch,09,46,4,19,5,23,9
krusenbusch,09,47,7,32,5,39,12
krusenbusch,09,48,9,31,2,40,11
krusenbusch,09,49,5,24,1,29,6
krusenbusch,09,50,6,27,2,33,8
krusenbusch,09,51,8,17,1,25,9
krusenbusch,09,52,4,14,2,18,6
krusenbusch,09,53,7,32,3,39,10
krusenbusch,09,54,10,35,4,45,14
krusenbusch,09,55,5,17,1,22,6
krusenbusch,09,56,7,30,3,37,10
krusenbusch,09,57,8,31,4,39,12
krusenbusch,09,58,5,15,0,20,5
krusenbusch,09,59,5,19,3,24,8
krusenbusch,09,60,8,30,4,38,12
krusenbusch,09,61,9,36,3,45,12
krusenbusch,09,62,4,21,2,25,6
krusenbusch,09,63,6,34,3,40,9
krusenbusch,09,64,10,31,2,41,12
krusenbusch,09,65,5,16,4,21,9
krusenbusch,09,66,7,35,4,42,11
krusenbusch,09,67,8,30,1,38,9
krusenbusch,09,68,5,22,0,27,5
krusenbusch,09,69,6,30,3,36,9
krusenbusch,09,70,8,32,4,40,12
krusenbusch,09,71,7,28,0,35,7
krusenbusch,09,72,5,18,3,23,8
krusenbusch,09,73,10,40,3,50,13
krusenbusch,09,74,10,32,1,42,11
krusenbusch,09,75,5,24,2,29,7
krusenbusch,09,76,8,36,1,44,9
krusenbusch,09,77,6,28,1,34,7
krusenbusch,09,78,3,5,1,8,4
krusenbusch,09,79,3,8,1,11,4
krusenbusch,09,80,5,36,2,41,7
krusenbusch,11,0,4,21,5,25,9
krusenbusch,11,1,6,25,6,31,12
krusenbusch,11,2,5,28,6,33,11
krusenbusch,11,3,5,22,3,27,8
krusenbusch,11,4,7,21,4,28,11
krusenbusch,11,5,5,27,5,32,10
krusenbusch,11,6,5,19,3,24,8
krusenbusch,11,7,6,22,5,28,11
krusenbusch,11,8,5,28,5,33,10
krusenbusch,11,9,6,22,3,28,9
krusenbusch,11,10,6,26,4,32,10
krusenbusch,11,11,9,36,4,45,13
krusenbusch,11,12,7,30,5,37,12
krusenbusch,11,13,5,21,4,26,9
krusenbusch,11,14,8,30,5,38,13
krusenbusch,11,15,7,36,5,43,12
krusenbusch,11,16,5,19,3,24,8
krusenbusch,11,17,8,50,6,58,14
krusenbusch,11,18,9,53,5,62,14
krusenbusch,11,19,5,18,2,23,7
krusenbusch,11,20,6,29,2,35,8
krusenbusch,11,21,6,41,6,47,12
krusenbusch,11,22,5,29,6,34,11
krusenbusch,11,23,7,47,5,54,12
krusenbusch,11,24,5,41,6,46,11
krusenbusch,11,25,3,27,5,30,8
krusenbusch,11,26,8,34,3,42,11
krusenbusch,11,27,11,35,4,46,15
krusenbusch,11,28,8,33,5,41,13
krusenbusch,11,29,4,31,4,35,8
krusenbusch,11,30,8,38,3,46,11
krusenbusch,11,31,9,42,5,51,14
krusenbusch,11,32,6,36,5,42,11
krusenbusch,11,33,5,27,6,32,11
krusenbusch,11,34,7,29,5,36,12
krusenbusch,11,35,8,33,3,41,11
krusenbusch,11,36,6,23,2,29,8
krusenbusch,11,37,6,28,3,34,9
krusenbusch,11,38,8,28,4,36,12
krusenbusch,11,39,8,31,4,39,12
krusenbusch,11,40,4,19,4,23,8
krusenbusch,11,41,3,18,2,21,5
krusenbusch,11,42,3,15,3,18,6
krusenbusch,11,43,1,19,5,20,6
krusenbusch,11,44,4,26,3,30,7
krusenbusch,11,45,3,22,4,25,7
krusenbusch,11,46,2,9,5,11,7
krusenbusch,11,47,2,18,4,20,6
krusenbusch,11,48,4,26,3,30,7
krusenbusch,11,49,5,28,4,33,9
krusenbusch,11,50,5,22,2,27,7
krusenbusch,11,51,3,9,3,12,6
krusenbusch,11,52,2,11,4,13,6
krusenbusch,11,53,2,10,4,12,6
krusenbusch,11,54,5,26,2,31,7
krusenbusch,11,55,5,32,3,37,8
krusenbusch,11,56,2,22,6,24,8
krusenbusch,11,57,3,20,3,23,6
krusenbusch,11,58,4,30,4,34,8
krusenbusch,11,59,2,17,5,19,7
krusenbusch,11,60,1,5,3,6,4
krusenbusch,11,61,3,17,4,20,7
krusenbusch,11,62,3,16,4,19,7
krusenbusch,11,63,2,21,5,23,7
krusenbusch,11,64,5,29,3,34,8
krusenbusch,11,65,4,19,3,23,7
krusenbusch,11,66,0,7,6,7,6
krusenbusch,11,67,2,8,3,10,5
krusenbusch,11,68,3,14,2,17,5
krusenbusch,11,69,2,18,4,20,6
krusenbusch,11,70,2,18,5,20,7
krusenbusch,11,71,4,23,5,27,9
krusenbusch,11,72,3,16,4,19,7
krusenbusch,11,73,1,8,4,9,5
krusenbusch,11,74,3,21,3,24,6
krusenbusch,11,75,4,25,3,29,7
krusenbusch,11,76,2,16,7,18,9
krusenbusch,11,77,1,19,5,20,6
krusenbusch,11,78,4,27,3,31,7
krusenbusch,11,79,3,19,5,22,8
krusenbusch,11,80,1,18,5,19,6
krusenbusch,11,81,3,25,4,28,7
landungsbruecken,09,0,16,50,2,66,18
landungsbruecken,09,1,17,54,2,71,19
landungsbruecken,09,2,13,49,1,62,14
landungsbruecken,09,3,15,41,2,56,17
landungsbruecken,09,4,20,53,3,73,23
landungsbruecken,09,5,20,53,0,73,20
landungsbruecken,09,6,21,48,0,69,21
landungsbruecken,09,7,19,41,1,60,20
landungsbruecken,09,8,16,48,3,64,19
landungsbruecken,09,9,19,44,0,63,19
landungsbruecken,09,10,24,40,0,64,24
landungsbruecken,09,11,19,43,2,62,21
landungsbruecken,09,12,18,58,1,76,19
landungsbruecken,09,13,20,54,1,74,21
landungsbruecken,09,14,18,55,0,73,18
landungsbruecken,09,15,17,54,1,71,18
landungsbruecken,09,16,16,56,3,72,19
landungsbruecken,09,17,17,52,5,69,22
landungsbruecken,09,18,22,56,2,78,24
landungsbruecken,09,19,13,49,2,62,15
landungsbruecken,09,20,15,43,1,58,16
landungsbruecken,09,21,18,59,0,77,18
landungsbruecken,09,22,15,58,1,73,16
landungsbruecken,09,23,17,49,3,66,20
landungsbruecken,09,24,17,52,2,69,19
landungsbruecken,09,25,17,57,1,74,18
landungsbruecken,09,26,19,57,1,76,20
landungsbruecken,09,27,19,48,2,67,21
landungsbruecken,09,28,15,53,2,68,17
landungsbruecken,09,29,17,56,1,73,18
landungsbruecken,09,30,26,50,0,76,26
landungsbruecken,09,31,20,47,1,67,21
landungsbruecken,09,32,15,51,1,66,16
landungsbruecken,09,33,22,67,0,89,22
landungsbruecken,09,34,20,52,0,72,20
landungsbruecken,09,35,17,62,0,79,17
landungsbruecken,09,36,16,62,0,78,16
landungsbruecken,09,37,21,50,0,71,21
landungsbruecken,09,38,23,52,1,75,24
landungsbruecken,09,39,16,38,1,54,17
landungsbruecken,09,40,17,53,1,70,18
landungsbruecken,09,41,19,56,3,75,22
landungsbruecken,09,42,21,57,5,78,26
landungsbruecken,09,43,21,53,3,74,24
landungsbruecken,09,44,20,57,1,77,21
landungsbruecken,09,45,18,57,1,75,19
landungsbruecken,09,46,22,45,0,67,22
landungsbruecken,09,47,19,49,0,68,19
landungsbruecken,09,48,12,47,1,59,13
landungsbruecken,09,49,20,53,3,73,23
landungsbruecken,09,50,23,49,4,72,27
landungsbruecken,09,51,19,46,4,65,23
landungsbruecken,09,52,18,60,4,78,22
landungsbruecken,09,53,20,58,2,78,22
landungsbruecken,09,54,19,49,2,68,21
landungsbruecken,09,55,15,44,1,59,16
landungsbruecken,09,56,19,50,1,69,20
landungsbruecken,09,57,19,50,2,69,21
landungsbruecken,09,58,15,53,1,68,16
landungsbruecken,09,59,18,59,3,77,21
landungsbruecken,09,60,24,62,2,86,26
landungsbruecken,09,61,19,51,1,70,20
landungsbruecken,09,62,16,50,1,66,17
landungsbruecken,09,63,20,48,3,68,23
landungsbruecken,09,64,21,49,4,70,25
landungsbruecken,09,65,19,53,3,72,22
landungsbruecken,09,66,19,47,5,66,24
landungsbruecken,09,67,18,50,4,68,22
landungsbruecken,09,68,20,50,1,70,21
landungsbruecken,09,69,25,46,2,71,27
landungsbruecken,09,70,26,56,1,82,27
landungsbruecken,09,71,19,54,2,73,21
landungsbruecken,09,72,23,49,2,72,25
landungsbruecken,09,73,21,53,2,74,23
landungsbruecken,09,74,16,48,0,64,16
landungsbruecken,09,75,14,39,2,53,16
landungsbruecken,09,76,14,36,5,50,19
landungsbruecken,09,77,11,40,2,51,13
landungsbruecken,09,78,6,27,2,33,8
landungsbruecken,09,79,23,43,0,66,23
landungsbruecken,09,80,17,37,0,54,17
landungsbruecken,09,81,14,22,0,36,14
landungsbruecken,11,0,23,66,0,89,23
landungsbruecken,11,1,22,71,1,93,23
landungsbruecken,11,2,23,64,0,87,23
landungsbruecken,11,3,23,58,0,81,23
landungsbruecken,11,4,24,67,1,91,25
landungsbruecken,11,5,23,55,0,78,23
landungsbruecken,11,6,25,65,1,90,26
landungsbruecken,11,7,27,69,0,96,27
landungsbruecken,11,8,26,60,1,86,27
landungsbruecken,11,9,27,57,1,84,28
landungsbruecken,11,10,26,59,1,85,27
landungsbruecken,11,11,24,57,2,81,26
landungsbruecken,11,12,25,66,0,91,25
landungsbruecken,11,13,22,63,1,85,23
landungsbruecken,11,14,20,75,1,95,21
landungsbruecken,11,15,19,76,2,95,21
landungsbruecken,11,16,21,54,3,75,24
landungsbruecken,11,17,22,72,2,94,24
landungsbruecken,11,18,23,61,0,84,23
landungsbruecken,11,19,20,58,2,78,22
landungsbruecken,11,20,19,60,1,79,20
landungsbruecken,11,21,23,63,2,86,25
landungsbruecken,11,22,21,60,1,81,22
landungsbruecken,11,23,25,73,3,98,28
landungsbruecken,11,24,21,70,2,91,23
landungsbruecken,11,25,14,58,1,72,15
landungsbruecken,11,26,20,89,1,109,21
landungsbruecken,11,27,23,72,1,95,24
landungsbruecken,11,28,18,47,4,65,22
landungsbruecken,11,29,22,59,2,81,24
landungsbruecken,11,30,25,64,0,89,25
landungsbruecken,11,31,22,66,2,88,24
landungsbruecken,11,32,16,68,2,84,18
landungsbruecken,11,33,18,67,2,85,20
landungsbruecken,11,34,25,71,1,96,26
landungsbruecken,11,35,20,57,2,77,22
landungsbruecken,11,36,18,72,1,90,19
landungsbruecken,11,37,23,65,0,88,23
landungsbruecken,11,38,23,56,1,79,24
landungsbruecken,11,39,18,56,2,74,20
landungsbruecken,11,40,14,66,1,80,15
landungsbruecken,11,41,25,56,1,81,26
landungsbruecken,11,42,23,56,2,79,25
landungsbruecken,11,43,23,66,3,89,26
landungsbruecken,11,44,26,55,3,81,29
landungsbruecken,11,45,27,54,4,81,31
landungsbruecken,11,46,25,53,5,78,30
landungsbruecken,11,47,23,57,3,80,26
landungsbruecken,11,48,30,49,1,79,31
landungsbruecken,11,49,26,58,3,84,29
landungsbruecken,11,50,24,54,5,78,29
landungsbruecken,11,51,25,56,3,81,28
landungsbruecken,11,52,20,55,4,75,24
landungsbruecken,11,53,23,61,4,84,27
landungsbruecken,11,54,22,56,4,78,26
landungsbruecken,11,55,23,64,3,87,26
landungsbruecken,11,56,23,64,4,87,27
landungsbruecken,11,57,22,54,4,76,26
landungsbruecken,11,58,26,58,1,84,27
landungsbruecken,11,59,18,57,3,75,21
landungsbruecken,11,60,13,51,2,64,15
landungsbruecken,11,61,18,69,1,87,19
landungsbruecken,11,62,20,53,3,73,23
landungsbruecken,11,63,22,68,2,90,24
landungsbruecken,11,64,22,65,3,87,25
landungsbruecken,11,65,17,55,2,72,19
landungsbruecken,11,66,15,48,5,63,20
landungsbruecken,11,67,19,49,5,68,24
landungsbruecken,11,68,29,66,2,95,31
landungsbruecken,11,69,27,65,4,92,31
landungsbruecken,11,70,23,70,5,93,28
landungsbruecken,11,71,27,68,5,95,32
landungsbruecken,11,72,23,53,2,76,25
landungsbruecken,11,73,20,62,2,82,22
landungsbruecken,11,74,23,74,2,97,25
landungsbruecken,11,75,23,70,0,93,23
landungsbruecken,11,76,23,54,2,77,25
landungsbruecken,11,77,28,44,1,72,29
landungsbruecken,11,78,28,40,1,68,29
landungsbruecken,11,79,24,58,2,82,26
landungsbruecken,11,80,21,56,4,77,25
landungsbruecken,11,81,23,46,0,69,23
nesssand,09,0,2,10,2,12,4
nesssand,09,1,2,6,1,8,3
nesssand,09,2,1,5,2,6,3
nesssand,09,3,2,7,2,9,4
nesssand,09,4,2,3,1,5,3
nesssand,09,5,1,6,1,7,2
nesssand,09,6,1,5,1,6,2
nesssand,09,7,1,4,0,5,1
nesssand,09,8,1,1,1,2,2
nesssand,09,9,0,1,2,1,2
nesssand,09,10,1,4,2,5,3
nesssand,09,11,1,4,0,5,1
nesssand,09,12,0,1,2,1,2
nesssand,09,13,2,5,2,7,4
nesssand,09,14,1,6,2,7,3
nesssand,09,15,0,2,2,2,2
nesssand,09,16,0,1,2,1,2
nesssand,09,17,0,1,2,1,2
nesssand,09,18,0,1,2,1,2
nesssand,09,19,0,6,2,6,2
nesssand,09,20,1,7,1,8,2
nesssand,09,21,1,2,0,3,1
nesssand,09,22,0,0,2,0,2
nesssand,09,23,1,0,2,1,3
nesssand,09,24,2,5,0,7,2
nesssand,09,25,2,8,1,10,3
nesssand,09,26,1,5,1,6,2
nesssand,09,27,1,6,0,7,1
nesssand,09,28,1,4,0,5,1
nesssand,09,29,2,8,2,10,4
nesssand,09,30,1,5,2,6,3
nesssand,09,31,0,1,2,1,2
nesssand,09,32,1,2,2,3,3
nesssand,09,33,1,1,0,2,1
nesssand,09,34,1,3,0,4,1
nesssand,09,35,1,3,2,4,3
nesssand,09,36,0,0,2,0,2
nesssand,09,37,0,0,1,0,1
nesssand,09,38,0,0,2,0,2
nesssand,09,39,0,2,2,2,2
nesssand,09,40,2,7,3,9,5
nesssand,09,41,2,4,2,6,4
nesssand,09,42,2,3,3,5,5
nesssand,09,43,1,5,3,6,4
nesssand,09,44,1,1,1,2,2
nesssand,09,45,2,7,2,9,4
nesssand,09,46,2,7,3,9,5
nesssand,09,47,1,6,3,7,4
nesssand,09,48,1,5,2,6,3
nesssand,09,49,2,8,2,10,4
nesssand,09,50,2,12,3,14,5
nesssand,09,51,2,10,2,12,4
nesssand,09,52,2,12,4,14,6
nesssand,09,53,2,14,5,16,7
nesssand,09,54,1,7,4,8,5
nesssand,09,55,1,5,2,6,3
nesssand,09,56,1,6,2,7,3
nesssand,09,57,1,6,3,7,4
nesssand,09,58,1,2,2,3,3
nesssand,09,59,1,4,1,5,2
nesssand,09,60,2,5,2,7,4
nesssand,09,61,2,8,3,10,5
nesssand,09,62,2,2,3,4,5
nesssand,09,63,2,4,2,6,4
nesssand,09,64,2,4,2,6,4
nesssand,09,65,2,4,2,6,4
nesssand,09,66,2,4,1,6,3
nesssand,09,67,1,4,2,5,3
nesssand,09,68,1,4,2,5,3
nesssand,09,69,1,2,2,3,3
nesssand,09,70,1,1,1,2,2
nesssand,09,71,2,2,2,4,4
nesssand,09,72,2,4,2,6,4
nesssand,09,73,1,1,2,2,3
nesssand,09,74,2,1,3,3,5
nesssand,09,75,1,1,3,2,4
nesssand,09,76,2,11,2,13,4
nesssand,09,77,2,16,1,18,3
nesssand,09,78,1,2,2,3,3
nesssand,09,79,1,3,2,4,3
nesssand,09,80,1,1,1,2,2
nesssand,09,81,0,4,3,4,3
nesssand,09,82,0,5,3,5,3
nesssand,09,83,1,6,3,7,4
nesssand,09,84,2,9,2,11,4
nesssand,11,0,2,12,3,14,5
nesssand,11,1,1,2,4,3,5
nesssand,11,2,3,8,3,11,6
nesssand,11,3,3,7,3,10,6
nesssand,11,4,2,4,4,6,6
nesssand,11,5,3,4,5,7,8
nesssand,11,6,5,6,2,11,7
nesssand,11,7,6,10,1,16,7
nesssand,11,8,4,6,3,10,7
nesssand,11,9,5,6,3,11,8
nesssand,11,10,5,6,1,11,6
nesssand,11,11,4,4,1,8,5
nesssand,11,12,4,6,3,10,7
nesssand,11,13,3,8,3,11,6
nesssand,11,14,2,12,3,14,5
nesssand,11,15,2,9,6,11,8
nesssand,11,16,2,4,5,6,7
nesssand,11,17,3,4,1,7,4
nesssand,11,18,3,3,1,6,4
nesssand,11,19,2,3,4,5,6
nesssand,11,20,2,4,5,6,7
nesssand,11,21,2,2,3,4,5
nesssand,11,22,2,2,2,4,4
nesssand,11,23,2,8,5,10,7
nesssand,11,24,3,9,3,12,6
nesssand,11,25,4,3,1,7,5
nesssand,11,26,4,9,3,13,7
nesssand,11,27,3,5,4,8,7
nesssand,11,28,3,2,2,5,5
nesssand,11,29,4,3,0,7,4
nesssand,11,30,3,6,5,9,8
nesssand,11,31,3,6,4,9,7
nesssand,11,32,4,7,2,11,6
nesssand,11,33,3,10,1,13,4
nesssand,11,34,3,10,4,13,7
nesssand,11,35,3,11,4,14,7
nesssand,11,36,4,8,0,12,4
nesssand,11,37,3,13,4,16,7
nesssand,11,38,2,6,4,8,6
nesssand,11,39,2,5,3,7,5
nesssand,11,40,3,5,0,8,3
nesssand,11,41,2,5,4,7,6
nesssand,11,42,0,1,4,1,4
nesssand,11,43,2,9,2,11,4
nesssand,11,44,2,9,3,11,5
nesssand,11,45,4,7,3,11,7
nesssand,11,46,3,2,2,5,5
nesssand,11,47,2,1,2,3,4
nesssand,11,48,2,1,3,3,5
nesssand,11,49,3,2,1,5,4
nesssand,11,50,5,6,1,11,6
nesssand,11,51,3,8,2,11,5
nesssand,11,52,3,2,2,5,5
nesssand,11,53,2,3,2,5,4
nesssand,11,54,2,3,3,5,5
nesssand,11,55,2,3,3,5,5
nesssand,11,56,3,8,4,11,7
nesssand,11,57,4,8,3,12,7
nesssand,11,58,3,0,2,3,5
nesssand,11,59,2,3,2,5,4
nesssand,11,60,4,6,1,10,5
nesssand,11,61,2,8,2,10,4
nesssand,11,62,2,6,2,8,4
nesssand,11,63,3,2,1,5,4
nesssand,11,64,2,1,0,3,2
nesssand,11,65,0,5,2,5,2
nesssand,11,66,2,7,1,9,3
nesssand,11,67,3,1,1,4,4
nesssand,11,68,2,1,0,3,2
nesssand,11,69,1,1,2,2,3
nesssand,11,70,1,1,2,2,3
nesssand,11,71,2,2,0,4,2
nesssand,11,72,5,9,1,14,6
nesssand,11,73,3,9,1,12,4
nesssand,11,74,3,5,2,8,5
nesssand,11,75,3,6,1,9,4
nesssand,11,76,2,1,1,3,3
nesssand,11,77,2,1,1,3,3
nesssand,11,78,3,0,1,3,4
nesssand,11,79,4,6,1,10,5
nesssand,11,80,4,7,1,11,5
nesssand,11,81,1,3,1,4,2
nesssand,11,82,2,1,1,3,3
nesssand,11,83,3,4,1,7,4
nesssand,11,84,2,6,2,8,4
nesssand,11,85,2,5,2,7,4
nesssand,11,86,1,7,1,8,2
nesssand,11,87,0,3,1,3,1
nesssand,11,88,1,2,3,3,4
nesssand,11,89,3,6,2,9,5
parkhafen,09,0,8,45,1,53,9
parkhafen,09,1,9,38,0,47,9
parkhafen,09,2,7,34,1,41,8
parkhafen,09,3,8,52,3,60,11
parkhafen,09,4,7,44,2,51,9
parkhafen,09,5,5,29,2,34,7
parkhafen,09,6,6,36,1,42,7
parkhafen,09,7,5,41,1,46,6
parkhafen,09,8,6,30,1,36,7
parkhafen,09,9,6,28,0,34,6
parkhafen,09,10,8,52,0,60,8
parkhafen,09,11,7,43,3,50,10
parkhafen,09,12,5,30,1,35,6
parkhafen,09,13,7,46,1,53,8
parkhafen,09,14,9,48,1,57,10
parkhafen,09,15,7,35,0,42,7
parkhafen,09,16,6,37,0,43,6
parkhafen,09,17,7,36,1,43,8
parkhafen,09,18,8,40,1,48,9
parkhafen,09,19,5,31,1,36,6
parkhafen,09,20,7,37,1,44,8
parkhafen,09,21,9,39,1,48,10
parkhafen,09,22,6,30,0,36,6
parkhafen,09,23,6,31,0,37,6
parkhafen,09,24,5,24,1,29,6
parkhafen,09,25,5,39,1,44,6
parkhafen,09,26,6,43,1,49,7
parkhafen,09,27,5,37,2,42,7
parkhafen,09,28,9,47,0,56,9
parkhafen,09,29,8,49,0,57,8
parkhafen,09,30,7,45,1,52,8
parkhafen,09,31,9,46,1,55,10
parkhafen,09,32,8,47,0,55,8
parkhafen,09,33,7,51,1,58,8
parkhafen,09,34,8,35,0,43,8
parkhafen,09,35,7,41,0,48,7
parkhafen,09,36,6,47,2,53,8
parkhafen,09,37,8,37,0,45,8
parkhafen,09,38,9,48,1,57,10
parkhafen,09,39,7,39,1,46,8
parkhafen,09,40,6,35,1,41,7
parkhafen,09,41,7,28,0,35,7
parkhafen,09,42,7,41,1,48,8
parkhafen,09,43,5,31,0,36,5
parkhafen,09,44,5,27,1,32,6
parkhafen,09,45,7,40,1,47,8
parkhafen,09,46,6,37,0,43,6
parkhafen,09,47,4,26,1,30,5
parkhafen,09,48,6,38,1,44,7
parkhafen,09,49,4,22,1,26,5
parkhafen,09,50,2,15,1,17,3
parkhafen,09,51,5,23,0,28,5
parkhafen,09,52,5,30,1,35,6
parkhafen,09,53,5,33,2,38,7
parkhafen,09,54,8,36,1,44,9
parkhafen,09,55,6,39,0,45,6
parkhafen,09,56,4,26,0,30,4
parkhafen,09,57,5,38,1,43,6
parkhafen,09,58,6,41,1,47,7
parkhafen,09,59,8,42,0,50,8
parkhafen,09,60,5,30,1,35,6
parkhafen,09,61,6,31,1,37,7
parkhafen,09,62,6,27,0,33,6
parkhafen,09,63,3,19,0,22,3
parkhafen,09,64,6,31,0,37,6
parkhafen,09,65,6,32,2,38,8
parkhafen,09,66,5,44,1,49,6
parkhafen,09,67,6,41,1,47,7
parkhafen,09,68,6,28,1,34,7
parkhafen,09,69,4,29,0,33,4
parkhafen,09,70,4,22,2,26,6
parkhafen,09,71,7,35,2,42,9
parkhafen,09,72,5,31,2,36,7
parkhafen,09,73,6,42,2,48,8
parkhafen,09,74,9,46,1,55,10
parkhafen,09,75,5,33,2,38,7
parkhafen,09,76,5,32,1,37,6
parkhafen,09,77,5,36,1,41,6
parkhafen,09,78,6,35,2,41,8
parkhafen,09,79,8,38,0,46,8
parkhafen,09,80,5,30,1,35,6
parkhafen,09,81,6,39,1,45,7
parkhafen,11,0,3,28,3,31,6
parkhafen,11,1,7,53,0,60,7
parkhafen,11,2,7,44,0,51,7
parkhafen,11,3,3,12,0,15,3
parkhafen,11,4,5,40,0,45,5
parkhafen,11,5,4,37,0,41,4
parkhafen,11,6,2,11,0,13,2
parkhafen,11,7,6,33,0,39,6
parkhafen,11,8,6,46,0,52,6
parkhafen,11,9,3,25,0,28,3
parkhafen,11,10,5,41,0,46,5
parkhafen,11,11,8,47,0,55,8
parkhafen,11,12,5,25,0,30,5
parkhafen,11,13,4,28,0,32,4
parkhafen,11,14,6,33,0,39,6
parkhafen,11,15,5,29,0,34,5
parkhafen,11,16,4,24,0,28,4
parkhafen,11,17,6,33,0,39,6
parkhafen,11,18,6,41,0,47,6
parkhafen,11,19,3,20,0,23,3
parkhafen,11,20,4,35,0,39,4
parkhafen,11,21,7,39,0,46,7
parkhafen,11,22,6,24,0,30,6
parkhafen,11,23,3,19,0,22,3
parkhafen,11,24,5,30,0,35,5
parkhafen,11,25,5,32,0,37,5
parkhafen,11,26,3,16,0,19,3
parkhafen,11,27,6,37,1,43,7
parkhafen,11,28,7,31,0,38,7
parkhafen,11,29,4,16,0,20,4
parkhafen,11,30,4,32,1,36,5
parkhafen,11,31,8,35,0,43,8
parkhafen,11,32,5,20,1,25,6
parkhafen,11,33,3,28,1,31,4
parkhafen,11,34,6,33,1,39,7
parkhafen,11,35,7,28,1,35,8
parkhafen,11,36,3,14,2,17,5
parkhafen,11,37,5,25,1,30,6
parkhafen,11,38,6,27,1,33,7
parkhafen,11,39,3,10,1,13,4
parkhafen,11,40,3,29,1,32,4
parkhafen,11,41,3,12,0,15,3
parkhafen,11,42,4,19,0,23,4
parkhafen,11,43,2,8,0,10,2
parkhafen,11,44,3,17,0,20,3
parkhafen,11,45,3,12,0,15,3
parkhafen,11,46,2,11,0,13,2
parkhafen,11,47,3,19,0,22,3
parkhafen,11,48,4,22,0,26,4
parkhafen,11,49,4,21,1,25,5
parkhafen,11,50,3,16,1,19,4
parkhafen,11,51,1,4,0,5,1
parkhafen,11,52,2,11,0,13,2
parkhafen,11,53,3,16,0,19,3
parkhafen,11,54,4,20,0,24,4
parkhafen,11,55,3,10,0,13,3
parkhafen,11,56,3,15,0,18,3
parkhafen,11,57,2,19,1,21,3
parkhafen,11,58,5,21,0,26,5
parkhafen,11,59,7,30,0,37,7
parkhafen,11,60,4,18,1,22,5
parkhafen,11,61,2,19,1,21,3
parkhafen,11,62,4,19,0,23,4
parkhafen,11,63,5,23,0,28,5
parkhafen,11,64,4,18,0,22,4
parkhafen,11,65,3,15,0,18,3
parkhafen,11,66,3,14,0,17,3
parkhafen,11,67,2,10,0,12,2
parkhafen,11,68,3,13,0,16,3
parkhafen,11,69,3,16,0,19,3
parkhafen,11,70,2,15,0,17,2
parkhafen,11,71,2,6,0,8,2
parkhafen,11,72,2,8,0,10,2
parkhafen,11,73,2,12,0,14,2
parkhafen,11,74,2,11,1,13,3
parkhafen,11,75,4,20,1,24,5
parkhafen,11,76,4,16,0,20,4
parkhafen,11,77,1,9,1,10,2
parkhafen,11,78,3,17,2,20,5
parkhafen,11,79,3,15,1,18,4
parkhafen,11,80,0,4,1,4,1
parkhafen,11,81,1,7,1,8,2
reiherstieg,09,0,6,29,0,35,6
reiherstieg,09,1,4,25,0,29,4
reiherstieg,09,2,1,15,1,16,2
reiherstieg,09,3,3,25,1,28,4
reiherstieg,09,4,4,25,0,29,4
reiherstieg,09,5,4,29,0,33,4
reiherstieg,09,6,4,29,0,33,4
reiherstieg,09,7,4,27,0,31,4
reiherstieg,09,8,3,25,0,28,3
reiherstieg,09,9,2,19,0,21,2
reiherstieg,09,10,2,11,0,13,2
reiherstieg,09,11,3,27,0,30,3
reiherstieg,09,12,2,14,0,16,2
reiherstieg,09,13,3,25,0,28,3
reiherstieg,09,14,4,28,0,32,4
reiherstieg,09,15,3,21,0,24,3
reiherstieg,09,16,3,17,0,20,3
reiherstieg,09,17,4,26,0,30,4
reiherstieg,09,18,3,25,0,28,3
reiherstieg,09,19,1,10,0,11,1
reiherstieg,09,20,5,26,0,31,5
reiherstieg,09,21,5,28,0,33,5
reiherstieg,09,22,3,23,0,26,3
reiherstieg,09,23,3,26,0,29,3
reiherstieg,09,24,3,24,0,27,3
reiherstieg,09,25,3,22,0,25,3
reiherstieg,09,26,2,25,0,27,2
reiherstieg,09,27,4,21,0,25,4
reiherstieg,09,28,3,24,0,27,3
reiherstieg,09,29,1,8,0,9,1
reiherstieg,09,30,3,26,0,29,3
reiherstieg,09,31,4,26,0,30,4
reiherstieg,09,32,4,25,0,29,4
reiherstieg,09,33,4,28,0,32,4
reiherstieg,09,34,5,25,0,30,5
reiherstieg,09,35,4,34,0,38,4
reiherstieg,09,36,2,22,0,24,2
reiherstieg,09,37,3,23,0,26,3
reiherstieg,09,38,2,19,0,21,2
reiherstieg,09,39,2,22,0,24,2
reiherstieg,09,40,5,29,0,34,5
reiherstieg,09,41,5,32,0,37,5
reiherstieg,09,42,2,12,0,14,2
reiherstieg,09,43,2,17,0,19,2
reiherstieg,09,44,3,23,0,26,3
reiherstieg,09,45,1,10,0,11,1
reiherstieg,09,46,2,14,0,16,2
reiherstieg,09,47,3,22,0,25,3
reiherstieg,09,48,1,8,0,9,1
reiherstieg,09,49,4,28,0,32,4
reiherstieg,09,50,4,27,0,31,4
reiherstieg,09,51,1,8,0,9,1
reiherstieg,09,52,1,8,0,9,1
reiherstieg,09,53,3,24,0,27,3
reiherstieg,09,54,3,23,0,26,3
reiherstieg,09,55,1,9,0,10,1
reiherstieg,09,56,3,22,0,25,3
reiherstieg,09,57,3,23,0,26,3
reiherstieg,09,58,3,20,0,23,3
reiherstieg,09,59,4,28,0,32,4
reiherstieg,09,60,1,10,0,11,1
reiherstieg,09,61,2,15,0,17,2
reiherstieg,09,62,3,22,0,25,3
reiherstieg,09,63,1,8,0,9,1
reiherstieg,09,64,1,7,0,8,1
reiherstieg,09,65,2,16,0,18,2
reiherstieg,09,66,1,8,0,9,1
reiherstieg,09,67,3,25,0,28,3
reiherstieg,09,68,4,31,0,35,4
reiherstieg,09,69,1,9,0,10,1
reiherstieg,09,70,1,6,0,7,1
reiherstieg,09,71,3,24,0,27,3
reiherstieg,09,72,2,18,0,20,2
reiherstieg,09,73,2,16,0,18,2
reiherstieg,09,74,2,17,0,19,2
reiherstieg,09,75,3,27,0,30,3
reiherstieg,09,76,4,32,0,36,4
reiherstieg,11,0,3,26,0,29,3
reiherstieg,11,1,1,9,0,10,1
reiherstieg,11,2,3,28,0,31,3
reiherstieg,11,3,4,32,0,36,4
reiherstieg,11,4,1,12,0,13,1
reiherstieg,11,5,2,16,0,18,2
reiherstieg,11,6,3,22,0,25,3
reiherstieg,11,7,1,6,0,7,1
reiherstieg,11,8,1,4,0,5,1
reiherstieg,11,9,3,23,0,26,3
reiherstieg,11,10,2,19,0,21,2
reiherstieg,11,11,3,21,0,24,3
reiherstieg,11,12,3,18,0,21,3
reiherstieg,11,13,2,19,0,21,2
reiherstieg,11,14,2,18,0,20,2
reiherstieg,11,15,2,9,0,11,2
reiherstieg,11,16,3,21,0,24,3
reiherstieg,11,17,1,10,0,11,1
reiherstieg,11,18,2,7,0,9,2
reiherstieg,11,19,2,8,0,10,2
reiherstieg,11,20,1,6,0,7,1
reiherstieg,11,21,3,19,0,22,3
reiherstieg,11,22,2,19,0,21,2
reiherstieg,11,23,1,10,0,11,1
reiherstieg,11,24,3,19,0,22,3
reiherstieg,11,25,2,15,0,17,2
reiherstieg,11,26,2,17,0,19,2
reiherstieg,11,27,2,16,0,18,2
reiherstieg,11,28,1,1,0,2,1
reiherstieg,11,29,2,11,0,13,2
reiherstieg,11,30,3,18,0,21,3
reiherstieg,11,31,2,19,0,21,2
reiherstieg,11,32,1,9,0,10,1
reiherstieg,11,33,3,18,0,21,3
reiherstieg,11,34,1,11,0,12,1
reiherstieg,11,35,2,15,0,17,2
reiherstieg,11,36,2,15,0,17,2
reiherstieg,11,37,1,5,0,6,1
reiherstieg,11,38,2,14,0,16,2
reiherstieg,11,39,1,8,0,9,1
reiherstieg,11,40,1,5,0,6,1
reiherstieg,11,41,2,14,0,16,2
reiherstieg,11,42,2,15,0,17,2
reiherstieg,11,43,1,5,0,6,1
reiherstieg,11,44,2,16,0,18,2
reiherstieg,11,45,1,8,0,9,1
reiherstieg,11,46,1,6,0,7,1
reiherstieg,11,47,2,13,0,15,2
reiherstieg,11,48,1,10,0,11,1
reiherstieg,11,49,1,10,0,11,1
reiherstieg,11,50,1,8,0,9,1
reiherstieg,11,51,1,10,0,11,1
reiherstieg,11,52,2,16,0,18,2
reiherstieg,11,53,2,15,0,17,2
reiherstieg,11,54,1,10,0,11,1
reiherstieg,11,55,1,7,0,8,1
reiherstieg,11,56,2,15,0,17,2
reiherstieg,11,57,1,8,0,9,1
reiherstieg,11,58,2,15,0,17,2
reiherstieg,11,59,2,14,0,16,2
reiherstieg,11,60,2,10,0,12,2
reiherstieg,11,61,3,17,0,20,3
reiherstieg,11,62,1,8,0,9,1
reiherstieg,11,63,1,7,0,8,1
reiherstieg,11,64,2,15,0,17,2
reiherstieg,11,65,1,9,0,10,1
reiherstieg,11,66,1,6,0,7,1
reiherstieg,11,67,1,6,0,7,1
sandauhafen,09,0,9,55,2,64,11
sandauhafen,09,1,8,60,2,68,10
sandauhafen,09,2,8,44,2,52,10
sandauhafen,09,3,10,53,1,63,11
sandauhafen,09,4,8,50,1,58,9
sandauhafen,09,5,5,51,2,56,7
sandauhafen,09,6,9,53,2,62,11
sandauhafen,09,7,11,57,1,68,12
sandauhafen,09,8,9,47,0,56,9
sandauhafen,09,9,6,39,2,45,8
sandauhafen,09,10,8,41,2,49,10
sandauhafen,09,11,7,36,0,43,7
sandauhafen,09,12,6,32,1,38,7
sandauhafen,09,13,8,46,2,54,10
sandauhafen,09,14,9,43,1,52,10
sandauhafen,09,15,10,43,1,53,11
sandauhafen,09,16,8,44,3,52,11
sandauhafen,09,17,8,42,3,50,11
sandauhafen,09,18,7,36,1,43,8
sandauhafen,09,19,5,27,2,32,7
sandauhafen,09,20,7,30,3,37,10
sandauhafen,09,21,8,34,1,42,9
sandauhafen,09,22,8,38,1,46,9
sandauhafen,09,23,8,31,0,39,8
sandauhafen,09,24,9,40,0,49,9
sandauhafen,09,25,8,49,1,57,9
sandauhafen,09,26,7,33,1,40,8
sandauhafen,09,27,8,47,2,55,10
sandauhafen,09,28,11,58,1,69,12
sandauhafen,09,29,9,49,0,58,9
sandauhafen,09,30,7,34,2,41,9
sandauhafen,09,31,9,57,2,66,11
sandauhafen,09,32,8,53,0,61,8
sandauhafen,09,33,5,30,1,35,6
sandauhafen,09,34,6,32,1,38,7
sandauhafen,09,35,10,62,1,72,11
sandauhafen,09,36,10,44,1,54,11
sandauhafen,09,37,8,44,1,52,9
sandauhafen,09,38,10,47,1,57,11
sandauhafen,09,39,8,39,1,47,9
sandauhafen,09,40,7,34,1,41,8
sandauhafen,09,41,9,46,1,55,10
sandauhafen,09,42,9,54,1,63,10
sandauhafen,09,43,6,19,0,25,6
sandauhafen,09,44,6,19,0,25,6
sandauhafen,09,45,5,23,0,28,5
sandauhafen,09,46,6,22,0,28,6
sandauhafen,09,47,5,17,0,22,5
sandauhafen,09,48,6,22,0,28,6
sandauhafen,09,49,10,37,0,47,10
sandauhafen,09,50,7,24,0,31,7
sandauhafen,09,51,4,15,0,19,4
sandauhafen,09,52,5,16,0,21,5
sandauhafen,09,53,5,22,0,27,5
sandauhafen,09,54,7,25,0,32,7
sandauhafen,09,55,5,14,0,19,5
sandauhafen,09,56,7,25,0,32,7
sandauhafen,09,57,9,25,0,34,9
sandauhafen,09,58,8,17,0,25,8
sandauhafen,09,59,6,33,0,39,6
sandauhafen,09,60,8,34,0,42,8
sandauhafen,09,61,6,21,0,27,6
sandauhafen,09,62,6,19,0,25,6
sandauhafen,09,63,7,37,1,44,8
sandauhafen,09,64,10,35,1,45,11
sandauhafen,09,65,7,25,0,32,7
sandauhafen,09,66,6,30,0,36,6
sandauhafen,09,67,8,31,0,39,8
sandauhafen,09,68,6,17,0,23,6
sandauhafen,09,69,8,23,0,31,8
sandauhafen,09,70,9,32,0,41,9
sandauhafen,09,71,8,24,0,32,8
sandauhafen,09,72,5,17,0,22,5
sandauhafen,09,73,7,33,0,40,7
sandauhafen,09,74,7,30,0,37,7
sandauhafen,09,75,5,20,0,25,5
sandauhafen,09,76,6,21,0,27,6
sandauhafen,09,77,9,41,0,50,9
sandauhafen,09,78,10,37,0,47,10
sandauhafen,09,79,4,13,0,17,4
sandauhafen,09,80,4,13,0,17,4
sandauhafen,09,81,4,24,0,28,4
sandauhafen,09,82,4,20,0,24,4
sandauhafen,09,83,3,9,0,12,3
sandauhafen,09,84,4,13,0,17,4
sandauhafen,09,85,5,17,0,22,5
sandauhafen,11,0,6,16,2,22,8
sandauhafen,11,1,5,24,4,29,9
sandauhafen,11,2,8,27,1,35,9
sandauhafen,11,3,6,24,2,30,8
sandauhafen,11,4,8,34,2,42,10
sandauhafen,11,5,7,27,2,34,9
sandauhafen,11,6,6,24,1,30,7
sandauhafen,11,7,6,27,3,33,9
sandauhafen,11,8,7,28,2,35,9
sandauhafen,11,9,7,38,0,45,7
sandauhafen,11,10,6,24,1,30,7
sandauhafen,11,11,7,23,2,30,9
sandauhafen,11,12,8,39,1,47,9
sandauhafen,11,13,7,35,1,42,8
sandauhafen,11,14,8,37,2,45,10
sandauhafen,11,15,7,39,1,46,8
sandauhafen,11,16,5,29,0,34,5
sandauhafen,11,17,7,49,1,56,8
sandauhafen,11,18,8,49,2,57,10
sandauhafen,11,19,6,31,1,37,7
sandauhafen,11,20,4,24,0,28,4
sandauhafen,11,21,8,39,1,47,9
sandauhafen,11,22,8,42,1,50,9
sandauhafen,11,23,7,30,0,37,7
sandauhafen,11,24,9,37,1,46,10
sandauhafen,11,25,6,32,2,38,8
sandauhafen,11,26,8,28,1,36,9
sandauhafen,11,27,8,31,0,39,8
sandauhafen,11,28,8,37,1,45,9
sandauhafen,11,29,5,26,1,31,6
sandauhafen,11,30,5,18,1,23,6
sandauhafen,11,31,7,30,1,37,8
sandauhafen,11,32,7,32,1,39,8
sandauhafen,11,33,7,26,0,33,7
sandauhafen,11,34,6,26,0,32,6
sandauhafen,11,35,4,22,1,26,5
sandauhafen,11,36,6,23,1,29,7
sandauhafen,11,37,6,19,0,25,6
sandauhafen,11,38,7,30,1,37,8
sandauhafen,11,39,6,25,1,31,7
sandauhafen,11,40,7,32,0,39,7
sandauhafen,11,41,8,29,0,37,8
sandauhafen,11,42,2,5,0,7,2
sandauhafen,11,43,4,10,0,14,4
sandauhafen,11,44,5,16,0,21,5
sandauhafen,11,45,4,19,0,23,4
sandauhafen,11,46,4,20,0,24,4
sandauhafen,11,47,6,26,1,32,7
sandauhafen,11,48,4,17,1,21,5
sandauhafen,11,49,4,18,0,22,4
sandauhafen,11,50,6,22,0,28,6
sandauhafen,11,51,4,14,0,18,4
sandauhafen,11,52,2,14,0,16,2
sandauhafen,11,53,5,27,0,32,5
sandauhafen,11,54,6,25,0,31,6
sandauhafen,11,55,3,18,0,21,3
sandauhafen,11,56,3,14,0,17,3
sandauhafen,11,57,5,20,0,25,5
sandauhafen,11,58,5,27,0,32,5
sandauhafen,11,59,3,16,0,19,3
sandauhafen,11,60,3,16,0,19,3
sandauhafen,11,61,4,17,1,21,5
sandauhafen,11,62,4,24,1,28,5
sandauhafen,11,63,5,26,0,31,5
sandauhafen,11,64,5,18,0,23,5
sandauhafen,11,65,5,25,0,30,5
sandauhafen,11,66,4,23,0,27,4
sandauhafen,11,67,4,20,0,24,4
sandauhafen,11,68,3,10,0,13,3
sandauhafen,11,69,4,15,0,19,4
sandauhafen,11,70,4,19,0,23,4
sandauhafen,11,71,5,20,0,25,5
sandauhafen,11,72,4,16,1,20,5
sandauhafen,11,73,4,19,1,23,5
sandauhafen,11,74,5,26,0,31,5
sandauhafen,11,75,3,13,1,16,4
sandauhafen,11,76,3,12,1,15,4
sandauhafen,11,77,4,15,0,19,4
sandauhafen,11,78,5,16,0,21,5
sandauhafen,11,79,3,12,1,15,4
sandauhafen,11,80,3,9,1,12,4
sandauhafen,11,81,5,18,0,23,5
sandauhafen,11,82,5,16,1,21,6
sandauhafen,11,83,4,10,1,14,5
seemannshoeft,09,0,16,57,3,73,19
seemannshoeft,09,1,15,49,2,64,17
seemannshoeft,09,2,16,55,7,71,23
seemannshoeft,09,3,16,71,8,87,24
seemannshoeft,09,4,18,54,2,72,20
seemannshoeft,09,5,14,61,4,75,18
seemannshoeft,09,6,12,56,3,68,15
seemannshoeft,09,7,13,55,3,68,16
seemannshoeft,09,8,13,43,2,56,15
seemannshoeft,09,9,18,50,3,68,21
seemannshoeft,09,10,14,50,5,64,19
seemannshoeft,09,11,14,45,4,59,18
seemannshoeft,09,12,13,52,5,65,18
seemannshoeft,09,13,13,62,5,75,18
seemannshoeft,09,14,15,63,2,78,17
seemannshoeft,09,15,16,59,1,75,17
seemannshoeft,09,16,16,75,3,91,19
seemannshoeft,09,17,14,61,3,75,17
seemannshoeft,09,18,10,49,4,59,14
seemannshoeft,09,19,10,65,4,75,14
seemannshoeft,09,20,14,70,5,84,19
seemannshoeft,09,21,14,55,3,69,17
seemannshoeft,09,22,14,48,3,62,17
seemannshoeft,09,23,14,57,5,71,19
seemannshoeft,09,24,15,61,5,76,20
seemannshoeft,09,25,16,67,3,83,19
seemannshoeft,09,26,13,73,5,86,18
seemannshoeft,09,27,11,50,3,61,14
seemannshoeft,09,28,8,48,4,56,12
seemannshoeft,09,29,5,33,4,38,9
seemannshoeft,09,30,15,54,3,69,18
seemannshoeft,09,31,16,57,5,73,21
seemannshoeft,09,32,12,42,3,54,15
seemannshoeft,09,33,11,53,2,64,13
seemannshoeft,09,34,14,50,4,64,18
seemannshoeft,09,35,16,54,4,70,20
seemannshoeft,09,36,15,51,3,66,18
seemannshoeft,09,37,14,44,6,58,20
seemannshoeft,09,38,14,52,6,66,20
seemannshoeft,09,39,12,45,5,57,17
seemannshoeft,09,40,12,47,5,59,17
seemannshoeft,09,41,14,61,6,75,20
seemannshoeft,09,42,15,38,3,53,18
seemannshoeft,09,43,19,52,5,71,24
seemannshoeft,09,44,14,55,6,69,20
seemannshoeft,09,45,15,45,4,60,19
seemannshoeft,09,46,19,48,0,67,19
seemannshoeft,09,47,13,44,2,57,15
seemannshoeft,09,48,9,34,2,43,11
seemannshoeft,09,49,14,46,4,60,18
seemannshoeft,09,50,17,44,5,61,22
seemannshoeft,09,51,10,42,6,52,16
seemannshoeft,09,52,11,41,4,52,15
seemannshoeft,09,53,14,48,3,62,17
seemannshoeft,09,54,18,56,5,74,23
seemannshoeft,09,55,15,54,5,69,20
seemannshoeft,09,56,12,48,3,60,15
seemannshoeft,09,57,14,46,3,60,17
seemannshoeft,09,58,12,44,4,56,16
seemannshoeft,09,59,10,45,6,55,16
seemannshoeft,09,60,16,48,3,64,19
seemannshoeft,09,61,13,44,2,57,15
seemannshoeft,09,62,11,48,3,59,14
seemannshoeft,09,63,13,48,5,61,18
seemannshoeft,09,64,16,49,4,65,20
seemannshoeft,09,65,11,49,4,60,15
seemannshoeft,09,66,14,56,5,70,19
seemannshoeft,09,67,16,52,4,68,20
seemannshoeft,09,68,11,45,2,56,13
seemannshoeft,09,69,10,40,3,50,13
seemannshoeft,09,70,13,43,2,56,15
seemannshoeft,09,71,13,57,3,70,16
seemannshoeft,09,72,10,50,3,60,13
seemannshoeft,09,73,12,39,4,51,16
seemannshoeft,09,74,14,50,5,64,19
seemannshoeft,09,75,14,61,4,75,18
seemannshoeft,09,76,13,65,4,78,17
seemannshoeft,09,77,11,46,4,57,15
seemannshoeft,09,78,14,53,4,67,18
seemannshoeft,09,79,9,45,4,54,13
seemannshoeft,09,80,12,47,6,59,18
seemannshoeft,09,81,16,62,6,78,22
seemannshoeft,09,82,10,51,4,61,14
seemannshoeft,09,83,11,39,3,50,14
seemannshoeft,11,0,19,47,3,66,22
seemannshoeft,11,1,13,46,5,59,18
seemannshoeft,11,2,16,51,8,67,24
seemannshoeft,11,3,17,50,6,67,23
seemannshoeft,11,4,12,50,4,62,16
seemannshoeft,11,5,13,43,5,56,18
seemannshoeft,11,6,12,45,4,57,16
seemannshoeft,11,7,13,37,5,50,18
seemannshoeft,11,8,14,39,3,53,17
seemannshoeft,11,9,17,44,5,61,22
seemannshoeft,11,10,18,49,5,67,23
seemannshoeft,11,11,14,40,5,54,19
seemannshoeft,11,12,12,39,4,51,16
seemannshoeft,11,13,14,33,6,47,20
seemannshoeft,11,14,16,48,4,64,20
seemannshoeft,11,15,14,44,4,58,18
seemannshoeft,11,16,12,33,6,45,18
seemannshoeft,11,17,13,48,5,61,18
seemannshoeft,11,18,13,40,6,53,19
seemannshoeft,11,19,13,39,5,52,18
seemannshoeft,11,20,15,39,4,54,19
seemannshoeft,11,21,17,27,3,44,20
seemannshoeft,11,22,11,36,5,47,16
seemannshoeft,11,23,17,44,7,61,24
seemannshoeft,11,24,18,42,4,60,22
seemannshoeft,11,25,11,29,3,40,14
seemannshoeft,11,26,14,46,5,60,19
seemannshoeft,11,27,14,39,4,53,18
seemannshoeft,11,28,12,43,4,55,16
seemannshoeft,11,29,12,37,4,49,16
seemannshoeft,11,30,15,47,6,62,21
seemannshoeft,11,31,16,50,5,66,21
seemannshoeft,11,32,13,36,4,49,17
seemannshoeft,11,33,12,41,3,53,15
seemannshoeft,11,34,16,43,6,59,22
seemannshoeft,11,35,16,58,3,74,19
seemannshoeft,11,36,10,47,4,57,14
seemannshoeft,11,37,15,46,6,61,21
seemannshoeft,11,38,15,49,4,64,19
seemannshoeft,11,39,13,35,4,48,17
seemannshoeft,11,40,11,43,6,54,17
seemannshoeft,11,41,12,44,5,56,17
seemannshoeft,11,42,13,43,3,56,16
seemannshoeft,11,43,15,57,4,72,19
seemannshoeft,11,44,16,55,4,71,20
seemannshoeft,11,45,15,54,3,69,18
seemannshoeft,11,46,14,50,2,64,16
seemannshoeft,11,47,13,53,1,66,14
seemannshoeft,11,48,11,50,0,61,11
seemannshoeft,11,49,12,52,3,64,15
seemannshoeft,11,50,17,54,4,71,21
seemannshoeft,11,51,13,44,4,57,17
seemannshoeft,11,52,11,37,3,48,14
seemannshoeft,11,53,14,44,4,58,18
seemannshoeft,11,54,13,43,3,56,16
seemannshoeft,11,55,12,49,3,61,15
seemannshoeft,11,56,12,51,5,63,17
seemannshoeft,11,57,13,47,3,60,16
seemannshoeft,11,58,13,39,2,52,15
seemannshoeft,11,59,12,39,3,51,15
seemannshoeft,11,60,12,55,7,67,19
seemannshoeft,11,61,10,56,6,66,16
seemannshoeft,11,62,13,56,5,69,18
seemannshoeft,11,63,12,49,4,61,16
seemannshoeft,11,64,12,62,3,74,15
seemannshoeft,11,65,11,51,4,62,15
seemannshoeft,11,66,13,30,3,43,16
seemannshoeft,11,67,10,46,4,56,14
seemannshoeft,11,68,7,42,4,49,11
seemannshoeft,11,69,10,43,2,53,12
seemannshoeft,11,70,13,32,3,45,16
seemannshoeft,11,71,15,49,4,64,19
seemannshoeft,11,72,9,45,5,54,14
seemannshoeft,11,73,10,40,4,50,14
seemannshoeft,11,74,10,46,6,56,16
seemannshoeft,11,75,9,42,6,51,15
seemannshoeft,11,76,10,48,3,58,13
seemannshoeft,11,77,12,57,6,69,18
seemannshoeft,11,78,13,43,4,56,17
seemannshoeft,11,79,12,37,2,49,14
seemannshoeft,11,80,12,49,3,61,15
seemannshoeft,11,81,13,53,6,66,19
seemannshoeft,11,82,14,56,4,70,18
seemannshoeft,11,83,12,50,4,62,16
